-- phpMyAdmin SQL Dump
-- version 3.5.1
-- http://www.phpmyadmin.net
--
-- Servidor: localhost
-- Tiempo de generaci칩n: 06-06-2016 a las 21:38:48
-- Versi칩n del servidor: 5.5.24-log
-- Versi칩n de PHP: 5.4.3

SET SQL_MODE="NO_AUTO_VALUE_ON_ZERO";
SET time_zone = "+00:00";


/*!40101 SET @OLD_CHARACTER_SET_CLIENT=@@CHARACTER_SET_CLIENT */;
/*!40101 SET @OLD_CHARACTER_SET_RESULTS=@@CHARACTER_SET_RESULTS */;
/*!40101 SET @OLD_COLLATION_CONNECTION=@@COLLATION_CONNECTION */;
/*!40101 SET NAMES utf8 */;

--
-- Base de datos: `masisa`
--

-- --------------------------------------------------------

--
-- Estructura de tabla para la tabla `administrador`
--

CREATE TABLE IF NOT EXISTS `administrador` (
  `correo` varchar(30) NOT NULL,
  `contrasena` varchar(20) NOT NULL,
  PRIMARY KEY (`correo`)
) ENGINE=InnoDB DEFAULT CHARSET=latin1;

--
-- Volcado de datos para la tabla `administrador`
--

INSERT INTO `administrador` (`correo`, `contrasena`) VALUES
('vmhernandez2@ing.ucsc.cl', '123');

-- --------------------------------------------------------

--
-- Estructura de tabla para la tabla `madera`
--

CREATE TABLE IF NOT EXISTS `madera` (
  `id_madera` int(11) NOT NULL AUTO_INCREMENT,
  `nombre` varchar(40) NOT NULL,
  `Empresa` varchar(40) NOT NULL,
  `uso` varchar(40) NOT NULL,
  `descripcion` varchar(500) NOT NULL,
  PRIMARY KEY (`id_madera`)
) ENGINE=InnoDB  DEFAULT CHARSET=latin1 AUTO_INCREMENT=21 ;

--
-- Volcado de datos para la tabla `madera`
--

INSERT INTO `madera` (`id_madera`, `nombre`, `Empresa`, `uso`, `descripcion`) VALUES
(1, 'ECOPLAC', 'Masisa', 'Uso construccion/ Uso interior', ''),
(2, 'MDF', 'Masisa', 'Uso construccion/ Uso interior', ''),
(3, 'MDF RH', 'Masisa', 'construccion/ Uso interior', ''),
(4, 'MDP', 'Masisa', 'construccion/ Uso interior', ''),
(5, 'MDP RH', 'Masisa', 'construccion/ Uso interior', ''),
(6, 'OLB', 'Masisa', 'construccion/ Uso interior', ''),
(7, 'PB Grueso', 'Masisa', 'Uso construccion/ Uso interior', ''),
(8, 'Masisa Tricoya XB', 'Masisa', 'Uso construccion/ Uso exterior', ''),
(9, 'PB Cierre Perimetral', 'Masisa', 'Uso construccion/ Uso exterior', ''),
(10, 'Melamina', 'Masisa', 'Uso mobiliario', ''),
(11, 'Enchapado', 'Masisa', 'Uso mobiliario', ''),
(12, 'Laminado Alto Brillo', 'Masisa', 'Uso mobiliario', ''),
(13, 'Pintado', 'Masisa', 'Uso mobiliario', ''),
(14, 'Molduras Con Folio', 'Masisa', 'Uso Revestimientos', ''),
(15, 'Molduras Prepintadas', 'Masisa', 'Uso Revestimientos', ''),
(16, 'Rev. Enchapado Ranurado', 'Masisa', 'Uso Revestimientos', ''),
(17, 'Rev. Pintado Ranuradado', 'Masisa', 'Uso Revestimientos', ''),
(18, 'Rev. 3D Ranurado', 'Masisa', 'Uso Revestimientos', ''),
(19, 'Rev. Uso Comercial', 'Masisa', 'Uso Revestimientos', '');

-- --------------------------------------------------------

--
-- Estructura de tabla para la tabla `mueble`
--

CREATE TABLE IF NOT EXISTS `mueble` (
  `id_mueble` int(11) NOT NULL AUTO_INCREMENT,
  `correo` varchar(30) NOT NULL,
  `id_sticker` int(11) NOT NULL,
  `foto` blob NOT NULL,
  `calificacion` int(11) NOT NULL,
  `tipo` varchar(10) NOT NULL,
  PRIMARY KEY (`id_mueble`),
  KEY `correo` (`correo`),
  KEY `id_sticker` (`id_sticker`)
) ENGINE=InnoDB  DEFAULT CHARSET=latin1 AUTO_INCREMENT=4 ;

--
-- Volcado de datos para la tabla `mueble`
--

INSERT INTO `mueble` (`id_mueble`, `correo`, `id_sticker`, `foto`, `calificacion`, `tipo`) VALUES
(1, 'vmhernandez@ing.ucsc.cl', 45, '', 5, 'Cocina'),
(2, 'vmhernandez@ing.ucsc.cl', 45, '', 3, 'Ba침o');
INSERT INTO `mueble` (`id_mueble`, `correo`, `id_sticker`, `foto`, `calificacion`, `tipo`) VALUES
(3, 'vmhernandez@ing.ucsc.cl', 45, 0xffd8ffe000104a46494600010101006000600000fffe003b43524541544f523a2067642d6a7065672076312e3020287573696e6720494a47204a50454720763830292c207175616c697479203d2037300affdb0043000a07070807060a0808080b0a0a0b0e18100e0d0d0e1d15161118231f2524221f2221262b372f26293429212230413134393b3e3e3e252e4449433c48373d3e3bffdb0043010a0b0b0e0d0e1c10101c3b2822283b3b3b3b3b3b3b3b3b3b3b3b3b3b3b3b3b3b3b3b3b3b3b3b3b3b3b3b3b3b3b3b3b3b3b3b3b3b3b3b3b3b3b3b3b3b3b3b3b3bffc0001108038404b003012200021101031101ffc4001f0000010501010101010100000000000000000102030405060708090a0bffc400b5100002010303020403050504040000017d01020300041105122131410613516107227114328191a1082342b1c11552d1f02433627282090a161718191a25262728292a3435363738393a434445464748494a535455565758595a636465666768696a737475767778797a838485868788898a92939495969798999aa2a3a4a5a6a7a8a9aab2b3b4b5b6b7b8b9bac2c3c4c5c6c7c8c9cad2d3d4d5d6d7d8d9dae1e2e3e4e5e6e7e8e9eaf1f2f3f4f5f6f7f8f9faffc4001f0100030101010101010101010000000000000102030405060708090a0bffc400b51100020102040403040705040400010277000102031104052131061241510761711322328108144291a1b1c109233352f0156272d10a162434e125f11718191a262728292a35363738393a434445464748494a535455565758595a636465666768696a737475767778797a82838485868788898a92939495969798999aa2a3a4a5a6a7a8a9aab2b3b4b5b6b7b8b9bac2c3c4c5c6c7c8c9cad2d3d4d5d6d7d8d9dae2e3e4e5e6e7e8e9eaf2f3f4f5f6f7f8f9faffda000c03010002110311003f00f66a28a2800a28a2800a28a2800a28a2800a28a2800a28a2800a28a2800a28a2800a28a2800a28a2800a28a2800a28a2800a28a2800a28a2800a28a2800a28a2800a28a2800a28a2800a28a2800a28a2800a28a2800a28a2800a4a5a4a0028a28a0028a28a0028a28a0028a28a0028a28a0028a28a0028a28a0028a28a0028a28a0028a28a0028a28a0028a28a0028a28a0028a28a0028a28a0028a28a0028a28a0028a28a0028a28a0028a28a0028a28a0028a28a0028a28a0028a28a0028a28a0028a28a0028a28a0028a28a0028a28a002969296800a28a2800a28a2800a28a2800a28a2800a28a2800a28a2800a28a2800a28a2800a28a2800a28a2800a28a2800a28a2800a28a2800a28a2800a28a2800a28a2800a28a2800a28a2800a28a2800a28a2800a28a2800a28a2800a28a2800a28a2800a28a2800a28a2800a28a2800a28a2800a28a2800a28a2800a28a2800a28a2800a28a2800a28a2800a28a2800a28a2800a28a2800a28a2800a28a2800a28a2800a28a2800a28a2800a28a2800a28a2800a4a5a4a0028a28a0028a28a0028a28a0028a28a0028a28a0028a28a0028a28a0028a28a0028a28a0028a28a0028a28a0028a28a0028a28a0028a28a0028a28a0028a28a0028a28a0028a28a0028a28a0028a28a0028a28a0028a28a0028a28a0028a28a0028a28a0028a28a0028a28a0028a28a0028a28a002969296800a28a2800a28a2800a28a2800a28a2800a28a2800a28a2800a28a2800a28a2800a28a2800a28a2800a28a2800a28a2800a28a2800a28a2800a28a2800a28a2800a28a2800a28a2800a28a2800a28a2800a28a2800a28a2800a28a2800a28a2800a28a2800a28a2800a28a2800a28a2800a28a2800a28a2800a28a2800a28a2800a28a2800a28a2800a28a2800a28a2800a28a2800a28a2800a28a2800a28a2800a28a2800a28a2800a28a2800a28a2800a4a5a4a0028a28a0028a28a0028a28a0028a28a0028a28a0028a28a0028a28a0028a28a0028a28a0028a28a0028a28a0028a28a0028a28a0028a28a0028a28a0028a28a0028a28a0028a28a0028a28a0028a28a0028a28a0028a28a0028a28a0028a28a0028a28a0028a28a0028a28a0028a28a0028a28a002969296800a28a2800a28a2800a28a2800a28a2800a28a2800a28a2800a28a2800a28a2800a28a2800a28a2800a28a2800a28a2800a28a2800a28a2800a28a2800a28a2800a28a2800a28a2800a28a2800a28a2800a28a2800a28a2800a28a2800a28a2800a28a2800a28a2800a28a2800a28a2800a28a2800a28a2800a28a2800a28a2800a28a2800a28a2800a28a2800a28a2800a28a2800a28a2800a28a2800a28a2800a28a2800a28a2800a28a2800a28a2800a4a5a4a0028a28a0028a28a0028a28a0028a28a0028a28a0028a28a0028a28a0028a28a0028a28a0028a28a0028a28a0028a28a0028a28a0028a28a0028a28a0028a28a0028a28a0028a28a0028a28a0028a28a0028a28a0028a28a0028a28a0028a28a0028a28a0028a28a0028a28a0028a28a0028a28a002969296800a28a2800a28a2800a28a2800a28a2800a28a2800a28a2800a28a2800a28a2800a28a2800a28a2800a28a2800a28a2800a28a2800a28a2800a28a2800a28a2800a28a2800a28a2800a28a2800a28a2800a28a2800a28a2800a28a2800a28a2800a28a2800a28a2800a28a2800a28a2800a28a2800a28a2800a28a2800a28a2800a28a2800a28a2800a28a2800a28a2800a28a2800a28a2800a28a2800a28a2800a28a2800a28a2800a28a2800a28a2800a4a5a4a0028a28a0028a28a0028a28a0028a28a0028a28a0028a28a0028a28a0028a28a0028a28a0028a28a0028a28a0028a2b3f5dd51347d2a5bb62bb87ca9b8e01634017d9950659801ea4d44d7702ff1e7e8335e5579e31927df24ba8b13d8479fe958d69a85cea134ae6691922e58b1a9728add993ad05d4f6afed083d7f503fad1f6e4238507fe06bfe35e536fe22fb118cadb1937305196c735d6d9f8a17c807ec393dcf99ffd6a975a9add91f59a7dcea1b50451c85fc645a85b5ab64fbed18ffb682b8ad6fc6cf6ab94d3d7860a4193ae73eded59afe217b9c23da005fb893a7e947b6a7dc3eb34fb9e85ff0009269a3ef5c463feda2ff8d3d7c43a6bf4b85ffbe81feb5e21af4f3c17cf0f618e437a8cd6742f34c1887395f7a6aa41eb71aaf0ee7d109aad8c9d2e17f1ab2924728cc6eae3d54e6be7eb3be92c5c9791ca0fbdb7b56d5af88a78f135a5fcb1b0e40627fad5732ee5aa917d4f69a2b17c29ae8d7f465b972be7236c942f4cfafe22b6a99a0514514005145140051451400514514005145140051451400514514005145140051451400514514005145140052d252d0014514500145145001451450014514500145145001451450014514500145145001451450014514500145145001451450014514500145145001451450014514500145145001451450014514500145145001451450014514500145145001451450014514500145145001451450014514500145145001451450014514500145145001451450014514500145145001451450014514500145145001451450014514500145145001451450014514500145145001494b49400514514005145140051451400514514005145140051451400514514005145140051451400514514005145140057947c5ad4269b57b6d3119bca8a0f34aff096248fe407e75eaf5e4ff14747d67fb5db55b4d3e5ba81e258d7c952e411d720723eb5134dad0c6b294a3647116f04b2e97e7fcaaaae7702326ad69ab3b5b5c456f398ccb22aee0a3a73eb58b35dea3696ff00662e63593e6f2ca8f523d3daa18a3be76ca5eba679f9188fe55cb2492d59c7ec1f568db58ae2deee259ae5e5fde0c67b735634eb5bcd50cee753ba8951c80a92902b99934bb9958996fa4707d493fd6a13a23ee38b9603d00ffebd4f343f9bf01aa4bf9bf03a3bd564826b696e6490acaa033c84b1e1bbd269da63cc8b235f5c0214b604a6b9a6d0b3ff002f073ebb7ffaf47f6111ff002f07fef9ff00ebd57342df17e03f651b5b9bf03a1d72337197f39f7a84c90dd78ef4693a7b0d32e6edae2462a31b49e2b9f4d05873f6920ffbbffd7ab106873382a6fdd57d06707f5a1d4a695b9bf01b846d6e6fc0b92477ff00680a2e86c9180c141c539ee2eed14b2c69244870d9241eb8ace9ec2feda628ba83108320927f0aa697fa918da0dfe686ce41193eb5ac5c65aa668a9dddd1eaff000975271e26bab4dacb1cf06fc13c123041fd48fc6bd82bc67e13693ae7f6ddb6a777a5cb6f69e4301338c07c8e302bd9ab68ab23a209a5661451455161451450014514500145145001451450014514500145145001451450014514500145145001451450014b494b40051451400514514005145140051451400514514005145140051451400514514005145140051451400514514005145140051451400514514005145140051451400514514005145140051451400514514005145140051451400514514005145140051451400514514005145140051451400514514005145140051451400514514005145140051451400514514005145140051451400514514005145140051451400514514005145140051451400514514005252d250014514500145145001451450014514500145145001451450014514500145145001451450014514500145145001583e34d6bfb13c39713467fd225531c23fda23afe0327f0adeaf2ff008ab7d32eaf65624111496ec508ee49c30fcb15337657264ec8f2277f980de5ce49cd69da025413e956acd74482055bfb79639d495df82cad83d71d4536f752d2960f2ad892deab19047e75c9522e7a2319a72d846e7b8a61c0ee2b02e2f2ef79db3b853d01500d302dcc83735e32e7b0739fcab35867dc85465dcdf247ad008f5ae79a397bdcca7f1ffebd02397fe7e661f8ff00f5eabeafe63f62fb9d18c7ad4d1c6cdcad7307ed51a6e4bc638ec5ce688b53be8cf1339f63cd4bc34ba313a32e8ce86f607504b039db9e2b9e3949f3f7791cd4c75bbc618dd863fc43d2812fda582950598819c56d4a1282d4d69c651dcfa47c0faeff006f7862da79181b8894453e0ff101d7f11835d0d792fc22ba97fb76face1c9b65b65690f60e1b03f426bd6aba60ef1b9aa77414514550c28a28a0028a28a0028a28a0028a28a0028a28a0028a28a0028a28a0028a28a0028a28a0028a28a002969296800a28a2800a28a2800a28a2800a28a2800a28a2800a28a2800a28a2800a28a2800a28a2800a28a2800a28a2800a28a2800a28a2800a28a2800a28a2800a28a2800a28a2800a28a2800a28a2800a28a2800a28a2800a28a2800a28a2800a28a2800a28a2800a28a2800a28a2800a28a2800a28a2800a28a2800a28a2800a28a2800a28a2800a28a2800a28a2800a28a2800a28a2800a28a2800a28a2800a28a2800a28a2800a28a2800a28a2800a28a2800a4a5a4a0028a28a0028a28a0028a28a0028a28a0028a28a0028a28a0028a28a0028a28a0028a28a0028a28a0028a28a002b0bc5fa059ebda24e9731832431b3c526394602b76a96b7288343be94ff000dbb9ffc74d26267cd90c8d6fa846f711acb08042a1008f5e9f8feb5a5ff00093246bb0c4500ec8800acd077ea521c7ddc8fd6b491418f915c55a4baa39aa4975463beb36a58921f9eb914d3abda7ab0fc2afc91467aa29fc2a26b784ffcb24ffbe45657a7d8c9387629ff006b5aff0078fe54a356b4cf53f955836d07fcf18ffef9140b683fe78c7ff7c8a2f4fb31de1d8886b367b71820fae2a78357b41dd8fd14d28b7847fcb24ffbe455cb48d143611471d854c9c2db13270b6c41713c3770ef36f2b478c6e60700d62ed2b39d8bb40ec6bbc9941d0411d9bfc3fc6b8fbcf92ff3f435bd09a7a246b4269e88fa1fc15e1eb1f0ff0087ad92d630249e249267c72ec4679ae82b3fc3d309fc39a6ca3f8ad633ff008e8ad0aed5b1d6145145300a28a2800a28a2800a28a2800a28a2800a28a2800a28a2800a28a2800a28a2800a28a2800a28a2800a5a4a5a0028a28a0028a28a0028a28a0028a28a0028a28a0028a28a0028a28a0028a28a0028a28a0028a28a0028a28a0028a28a0028a28a0028a28a0028a28a0028a28a0028a28a0028a28a0028a28a0028a28a0028a28a0028a28a0028a28a0028a28a0028a28a0028a28a0028a28a0028a28a0028a28a0028a28a0028a28a0028a28a0028a28a0028a28a0028a28a0028a28a0028a28a0028a28a0028a28a0028a28a0028a28a0028a28a0028a28a0028a28a002929692800a28a2800a28a2800a28a2800a28a2800a28a2800a28a2800a28a2800a28a2800a28a2800a28a2800a28a2800ac4f1a4de4f847516ce3745b3f3207f5adbae4fe264fe478367e7efc883f5cff004a4f613d8f0ab3f9ee6573deb554622fc2b334d5ff00587df15acc3111fa579b5dea71557a949e986a47a8cd6264869a0529a05318a2acdaf53f4aac2acdafdfc54cb613d8dc41bf41947a1cff00e835c76a63170adea057676637e8f72be833fa1ff0ae43555c18cd6b867a95877a9f4078067fb4f8234b7ce7116dfc891fd2ba1ae2fe13cfe7781e14cffa995d3f5cff005aed2bd48ec7a0b60a28a298c28a28a0028a28a0028a28a0028a28a0028a28a0028a28a0028a28a0028a28a0028a28a0028a28a002969296800a28a2800a28a2800a28a2800a28a2800a28a2800a28a2800a28a2800a28a2800a28a2800a28a2800a28a2800a28a2800a28a2800a28a2800a28a2800a28a2800a28a2800a28a2800a28a2800a28a2800a28a2800a28a2800a28a2800a28a2800a28a2800a28a2800a28a2800a28a2800a28a2800a28a2800a28a2800a28a2800a28a2800a28a2800a28a2800a28a2800a28a2800a28a2800a28a2800a28a2800a28a2800a28a2800a28a2800a28a2800a4a5a4a0028a28a0028a28a0028a28a0028a28a0028a28a0028a28a0028a28a0028a28a0028a28a0028a28a0028a28a002b81f8bd3f97e1cb78b3feb263fa29ff001aefabcbbe33dc6d86c20cf677fd47f85296c4cb63cdb4b5cc25bd5ab4e5188aa969698b55fad5eb8e22af2aabbc8e1a9b941a9a4539873cd34d41034d0055bd2ecc5fea705b3315477fde37f75072c7f0009a9b59b5b782e629acd192d6ea25962566dc57a8619ef8656fd29db4b9aaa5374dd4b689dbe6ff00e18cf1562dbfd65402a7b7ff00582a5ec64f63a0d2c6eb3b94f543fc88feb5c96acbfbb07d18d75fa1fcd24a87b8c7ea2b96d513f72c3d1bfa53c3bb48541da4cf50f82d71bfc3d7b067fd5dceefcc7ff5abd1ebc97e085c7ef354b7cf558dc0fa647f5af5aaf5e3b1e9a0a28a2a861451450014514500145145001451450014514500145145001451450014514500145145001451450014b494b40051451400514514005145140051451400514514005145140051451400514514005145140051451400514514005145140051451400514514005145140051451400514514005145140051451400514514005145140051451400514514005145140051451400514514005145140051451400514514005145140051451400514514005145140051451400514514005145140051451400514514005145140051451400514514005145140051451400514514005252d2500145145001451450014514500145145001451450014514500145145001451450014514500145145001451450015e37f1967dfad5bc39ff005700fd49af64af09f8a93f9de309d73c2054fc803fe3532d8996c64e9c98b58ea7bae23fc696c9316f10f451fca8bdfba0579351fbc79f37a99edd6b5468712d85bde4fa9c114738cae2391f07fba485c06f6acb6eb562cb519ec19847b5e2938961906e4907b8febd476a516ba9ae1e545545ed9371f27665d8bec3a6db5d4905f8b9b89a230c616265d8188dc727fd9c8ff8153216b4bcd292d2eae85b496f29689da3660cac06471e8541ff00811a66af6d6f6d7718b7568c490a4ad1336ef2cb0cedcf7e08fcf1516996d0de6a76d6d3c8638e6915198751938adadd0fd22965982780f6714f925ef79972d74082f59d6db57b7628a598bc522aa81dcb6dc01f5acc83fd60ab57fa84b2a9b28e11696d1b7fc7baff007871963d59bdcfe18aab0fdf158cedd0fceb16f0eea3faba6a3e7b9d068a71747e84ff005fe9581ac47b64b84f47ff001adcd28e2efea08fd0d666be98bfbb03fbc48fcfff00af5145fbc71d27ef9b3f062e3cbf145c424f12dab0fc43035edb5f3ffc2eb8fb3f8f6cd738120913f3535f4057b51d8f550514515430a28a2800a28a2800a28a2800a28a2800a28a2800a28a2800a28a2800a28a2800a28a2800a28a2800a5a4a5a0028a28a0028a28a0028a28a0028a28a0028a28a0028a28a0028a28a0028a28a0028a28a0028a28a0028a28a0028a28a0028a28a0028a28a0028a28a0028a28a0028a28a0028a28a0028a28a0028a28a0028a28a0028a28a0028a28a0028a28a0028a28a0028a28a0028a28a0028a28a0028a28a0028a28a0028a28a0028a28a0028a28a0028a28a0028a28a0028a28a0028a28a0028a28a0028a28a0028a28a0028a28a0028a28a0028a28a0028a28a002929692800a28a2800a28a2800a28a2800a28a2800a28a2800a28a2800a28a2800a28a2800a28a2800a28a2800a28a2800af9e3c773fda3c5d7ce0e479ed8fc323fa57d0ec42a927a019af9ab5694ddebd2b1e77ca4ff00df4d9feb59d4d8899b3026d551e831505f755157916a8dff00fac02bc893f78f3a5b941bad59d2ed63bcd56d6da57091c92a876240c2e79e4fb5573d69f05a4f74488226936f5c0e942dc16e6bdfde5adadf4f74445797f2b96c7de820c9e00fef91d3fba31deabadf5b6aa40d408b7bbfe1bc45c063ff004d147fe8439f506b2dd191ca3a956538208c10690024e0726af9ddcf51e6f8cf6cab29d9ad974b76b76357c47104d5da5df1335c22ccfe5b8601d87cdc8e3ef648f622b3a3fbe3eb4cc734f4fbc3eb51277773cd9cb9a4e56b5cdcd2ce2f62f722aa788131a84bfed203ff008e8353d8b6db88dbd08a3c4898be07d6303f4c7f4ace93f78c29fc662f83e7fb2f8db4b9338ff4a407f138afa4abe5db698daeb36f38e0c732b0fc0d7d42ac19430e8466bdba6ee8f5a1b0b451456858514b4940051451400514514005145140051451400514514005145140051451400514514005145140052d252d0014514500145145001451450014514500145145001451450014514500145145001451450014514500145145001451450014514500145145001451450014514500145145001451450014514500145145001451450014514500145145001451450014514500145145001451450014514500145145001451450014514500145145001451450014514500145145001451450014514500145145001451450014514500145145001451450014514500145145001494b4940051451400514514005145140051451400514514005145140051451400514514005145140051451400514514015755985b6937939e3cb81dbf2535f37c23cdd6133d448a0fe1ff00eaaf7ff19cde478435270704c2507fc0881fd6bc174a5f375953fedb37e86b1aced132a8748abc566dff00faefc2b5fe555e481f8d62df4b1fda08debc7bd790f591e7bdcaa7ad6a68fad7f6547346d0798251d431523fcfaf6ac933459fbebf9d35a78bfbe2a95d6a8a574ee8f46f0d68be1bbcd067f10ebc1489276521a460b10c80071c935a36cdf0dad2e62b9b79608e58983a3079782391599e0ad63c3563e0b9e3d6ae6dfcb9eed8345202e5be55c7ca327b75c5695aeadf0c8ddc5e41b359778d85a07001cf1c918fcebba0bdd56b7cceb8ad16c79ff896ead2fbc477b75609b6de49329f2e33c7271db2727f1ace5eb5b3e38b8b76f196a252542bbd795391f74561acd17fcf45fceb8e69f3339649f33362db865ab1e23199e06f55ff00d99bfc6a85ade404ae6451cf7357b5d7492dede45756c27639f4ff001ac209a99845353471776364e0fa57d35a24ff006ad0ec2e339f36da36fcd457cd3a8a8de48f535f417806e7ed5e07d2a4ce7106cffbe495fe95ed517ee9ea53d8e8a928a2b635168a4a2800a28a2800a28a2800a28a2800a28a2800a28a2800a5a4a2800a5a4a2800a5a4a2800a28a280168a4a5a0028a28a0028a28a0028a28a0028a28a0028a28a0028a28a0028a28a0028a28a0028a28a0028a28a0028a28a0028a28a0028a28a0028a28a0028a28a0028a28a0028a28a0028a28a0028a28a0028a28a0028a28a0028a28a0028a28a0028a28a0028a28a0028a28a0028a28a0028a28a0028a28a0028a28a0028a28a0028a28a0028a28a0028a28a0028a28a0028a28a0028a28a0028a28a0028a28a0028a28a0028a28a0028a28a0028a28a0028a28a002929692800a28a2800a28a2800a28a2800a28a2800a28a2800a28a2800a28a2800a28a2800a28a2800a28a2800a28a280394f8933f93e1191738f3668d7f5dc7ff0041af14d0f7b6a0c55436d8c9c1fc057ac7c5cb8f2f42b5873cbcaedf9211fcd85797786d775ddc37a263f5ff00eb56159e86727b925ecd74a4e206c7b6eff1ae5ef2f2e3ed2f9423f16ff1aef275e2b9cbaff8f893fde35cb1a897432f69e47346f67cf5c7e27fc69ad7b3ff007bf535bd8a6b22ff00747e55a7b58ff295ed1763b4f05b787bc27e0e83c5fe2285ef27bd9da2b489503ed0a483804e3390793ed8a9e4b8b6d27e24693a8e9d691dc689e2a8957c978c1dbbc80e00ec41c123dc8a77847c41a65b6809a378ab4d3269524acf6b70f096456fe21f812791c8c9aec478abc15630595be971477b3db92b636f6f0167566eca587cb9ee735b467068d1493478a78e6c3fe11cf19ea3a5db39f2229034409270aca180fc0363f0ac35bd9b3d73f89ff1aebfc52da84de26be9756804378f26648f21b67030323ae062b2c0ac9d58ff00290ea2ec66477971c6109e7d5bfc6b61e7b97b68b301c6d3d777f9ed48a38ad0939b68ff00dd6fe66a7da27d09f69aec624c5d9cee0147a0af75f84971e7f81218f39f226923fd777fecd5e1b743e7fc057aefc13b8dda16a36d9e62ba0fff007d28ff00e26ba293364cf4aa28a2b62828a28a0028a28a0028a28a0028a28a0028a28a0028a28a0028a28a0028a28a0028a28a0028a28a002969296800a28a2800a28a2800a28a2800a28a2800a28a2800a28a2800a28a2800a28a2800a28a2800a28a2800a28a2800a28a2800a28a2800a28a2800a28a2800a28a2800a28a2800a28a2800a28a2800a28a2800a28a2800a28a2800a28a2800a28a2800a28a2800a28a2800a28a2800a28a2800a28a2800a28a2800a28a2800a28a2800a28a2800a28a2800a28a2800a28a2800a28a2800a28a2800a28a2800a28a2800a28a2800a28a2800a28a2800a28a2800a4a5a4a0028a28a0028a28a0028a28a0028a28a0028a28a0028a28a0028a28a0028a28a0028a28a0028a28a0028a28a00f2df8c571fbdb2833f7626623fde75c7fe806b88f0aa645d37fba3f9d745f17ae0bf89a38b3c2c0831e98dc7ff67fd2b1bc291ffa15c3fab81f90ff00ebd72e21e8653d997675e2b99b8ff5f27fbc7f9d75770bc1ae566e657fa9ae18b390ae0526d2c700127da9e05753e00d7ac3c39abdddf5fb305fb232c6aaa4977dca428f4ce0f278ad23abb32d6acdcf0e5ef86f54f08d8785b57f356777936c9e5902172c4a9dc78e73f4f5ae91e3f0dfc3c4861b3d366b9d42e0622db1979653d3ef9e00cf61f9553b3f8ac9a85c0b7b2f0f5e5c4a7a246c18fe82ac597c4b37b7d25aa7876ff7c193385c334401c125719e3d2baa3285b7d7d0e84e3dcf2ff16dc5e5e78a2f6e350b4fb1dcbb0df06eddb3e51819efc62b200adcf196a16bab78b2fafaca4f32de565d8fb4ae70a0743cf5158a0572c9eace796ec551c7e22af9e6de2fa915480fe62af0ff008f688ffb47f90a4988c7bb1cfd56bd17e08dcedd4f56b5cffac8a3900fa123ff0066af3dbb1cafd3fad75bf076e3c9f1b98f3c4f66ebf882adfd0d7652675c763dd68a28ae92c28a28a0028a28a0028a28a0028a28a0028a28a0028a28a0028a28a0028a28a0028a28a0028a28a002969296800a28a2800a28a2800a28a2800a28a2800a28a2800a28a2800a28a2800a28a2800a28a2800a28a2800a28a2800a28a2800a28a2800a28a2800a28a2800a28a2800a28a2800a28a2800a28a2800a28a2800a28a2800a28a2800a28a2800a28a2800a28a2800a28a2800a28a2800a28a2800a28a2800a28a2800a28a2800a28a2800a28a2800a28a2800a28a2800a28a2800a28a2800a28a2800a28a2800a28a2800a28a2800a28a2800a28a2800a28a2800a4a5a4a0028a28a0028a28a0028a28a0028a28a0028a28a0028a28a0028a28a0028a28a0028a28a0028a28a0028a28a00f00f89171f68f1eea7ce445b231f822ff8d58f0b478d19dbfbd337f2158fe2b90cfe29d5e7241125e3edfa038ffd96ba2f0cc78f0f21fef3b37ea4570e2198547a0fba5e0d725272cc7debb0bb18526b906ef5c51672a22038a6915201c5348e2aee33d1f45d49bc1ff0f2d355d3b4e5bab9be95fcf9581c478240071ce38e9ee6a668efee7c61a0789b48b791175645fb5a203b5718126ef6c7af719ac4f02f8a759d1924b5b6d2e7d4ec8b6e68e24626363dc100f5f435dacbe35d5ee8c76ba7785efe19a6608b35e44cb1c64f19380781f8575c5c5c56a74c5a68f37f1e5a5bd9f8d3518ad8011ef57dabd0332863fa935cf815a1ae5bdfdb6b77716a849bc129333673b89e73f439aa2057349eacc24f5600706ae8ff008f58fd9ffc2aa638ab63fe3d87b30a4988cdbd1861f522b67e1b4ff66f1f694c4e03bbc67f14615937c39cff00b469fe19b8fb278b3479b380b7d1e7e8580feb5d9499d507a1f4cd14515d66a1451450014514500145145001451450014514500145145001451450014514500145145001451450014b494b40051451400514514005145140051451400514514005145140051451400514514005145140051451400514514005145140051451400514514005145140051451400514514005145140051451400514514005145140051451400514514005145140051451400514514005145140051451400514514005145140051451400514514005145140051451400514514005145140051451400514514005145140051451400514514005145140051451400514514005252d2500145145001451450014514500145145001451450014514500145145001451450014514b4009451450014923048d9cf4504d2d53d626fb3e8d7937f72073fa1a00f9c35297cebe9df39dd3b93ff7d1aee3c3d1edd06d17fbc84fe649ae06607ce9b3da66fe40ff005af47d2d3cad22c87710a1fd335e76219cd51e853bfe2173e8a6b9061c5761ab8090cd8e9b091f95720c38ae489ca86638a691c5498f96902339c2824fa015451eb1e10d4af2cfe1c453693a51bbb98a66478b3b77fcd92c3d78207e1ed52c5e2df18cb2ac63c20ea5c81b9d9828f7271d2b99f0e78daf743f0dc36361a43dcc8b2bb348cac5304e78c77ad4b5f891e219aee289bc3c1c3b852a88e18e4f6cf15db1a8ac97333a54d596a713e2efed03e29be3aa795f6bde3ccf289283e518033db18ac802b7bc6d2c971e2fbf965b792ddd997314854b2fc83aed247e46b0c0ae49fc4cc25f130c5595e6dff11fd6a0c5588ffd4d242295f8e0ff00bc3f955181fcabdb69338d93a37e445695f8e1bf0ac997e531b7fb62bae933a60f43ea98dc4912b8e8c01a7567f87ae3ed7e1dd3ae339f32da327fef915a15dc8dc5a4a5a280128a5a4a0028a28a0028a28a0028a5a280128a28a0028a29680128a29680128a5a280128a28a002968a2800a28a2800a28a2800a28a2800a28a2800a28a2800a28a2800a28a2800a28a2800a28a2800a28a2800a28a2800a28a2800a28a2800a28a2800a28a2800a28a2800a28a2800a28a2800a28a2800a28a2800a28a2800a28a2800a28a2800a28a2800a28a2800a28a2800a28a2800a28a2800a28a2800a28a2800a28a2800a28a2800a28a2800a28a2800a28a2800a28a2800a28a2800a28a2800a28a2800a28a2800a28a2800a28a2800a28a2800a28a2800a4a5a4a0028a28a0028a28a0028a28a0028a28a0028a28a0028a28a0028a28a0028a28a0028a28a0028a28a002b07c6f3fd9fc1fa8b0382d16d1f52715bd5c8fc4c9c45e161193feb6e2353f4ce4ff2a052d8f0d3f3098f53e606fcd16bd4123f2ada28ff00b8817f215e7fa4597f6a6a4208d70b218e43eca0907f957a34c3ad795887a9c95198bad7fc783bff00b254ff009fc6b9161c5759ad362c274fef018fae7fc335ca3573476304371f2d747e09f13daf862fae27bab369c4d1850d1e37260fbf63fd0573a47cb4dc5691938bba2949a7747a8681e3b8fec8d6fa768971777735ccb2b5bc030b1ab3641ce3dfd2ae587c45b8bfbd96d93c37765adf26e0249b9a200e09db81923d2b2f4fd4e6f0978074fbdd2b4e4b99af599ae2665242904819c73ec39ec6a536d7f3f8cb43f116956f2469aa46ad76aaa76ae301f77b6318cf522bb54e69257edd0e9529596a713e2dd42db55f145edf5a3978256528c548270a0743f4ac802b7bc716d6f6be31d462b60047bc360740c5416fd49ac202b8e77e67739e5f130a9e3ff566a1ed53c7cab7d6a50910ea0bf7fe9fd6b1ae87108ff689fd0d6e5e0dc33eabff00d7ac4bde24887a2935d745ea74537b1f41fc39b9fb5780f4b6ce4a4653f2622ba6ae0fe0edcf9de0af2b39305cbafe783fd6bbcaef5b1d0828a28a630a28a2800a28a2800a28a2800a28a2800a28a2800a28a2800a28a2800a28a2800a28a2800a5a4a5a0028a28a0028a28a0028a28a0028a28a0028a28a0028a28a0028a28a0028a28a0028a28a0028a28a0028a28a0028a28a0028a28a0028a28a0028a28a0028a28a0028a28a0028a28a0028a28a0028a28a0028a28a0028a28a0028a28a0028a28a0028a28a0028a28a0028a28a0028a28a0028a28a0028a28a0028a28a0028a28a0028a28a0028a28a0028a28a0028a28a0028a28a0028a28a0028a28a0028a28a0028a28a0028a28a0028a28a0028a28a002929692800a28a2800a28a2800a28a2800a28a2800a28a2800a28a2800a28a2800a28a2800a28a2800a28a2800af3df8bb71b34bb2801fbcf231fc10e3f535e855e53f182e337b69067ee405bf12e07f2cd27b132d8e3fc2b37d9b59b0738092abc5f9926bbe98706bcd5736fa2d86a2bd6daece71e9c1af47f35668126539575041af2311bdce3ada33035e38b56f7615cd38ae8fc427fd1c0f571fc8d73add2b08ec62869fbb5a5a27876fb5f5bbfb0ec67b58fcc319382fcf41ef59c7eed751e09d724d01753bb8ec26bb6102ff00ab1f2a73d5cf615ac1272b4b62e0937a9b1e139bc5fe1a8cdabe83717566cdb8467e5643df69fe95d25cf88bc4770ab069fe18b88259085f3ae5c6c8f3dc81d7150f84bc6d73e237be1359c508b5884836313bbaf1cfd2b12cbe2a5fdc5ec1036931389240a56263b8e4f6f7aed528c62ad276674a94525a9c4f882caeec35dbbb6be9d67b95933248a4e18919cf3f5acf02b6fc6531b8f16dfca619212ce3e49400c3e51d719ac602b865652763965bb10fdda9e2e8d50e33f854f002c703a9a4024abbbcbf43c7e98ac2be03edae9d7cb503fad743b0b29ddd10e73e82b9c6fdeb4b3ffcf47247d2ba68bd4e8a5b9eb1f042e33a7eab6b9fb932381f5047f4af51af19f82773b35ed46d89ff005b6e1f1f46ff00ebd7b357a31d8e9414514550c28a28a0028a28a0028a28a0028a28a0028a28a0028a28a0028a28a0028a28a0028a28a002969296800a28a2800a28a2800a28a2800a28a2800a28a2800a28a2800a28a2800a28a2800a28a2800a28a2800a28a2800a28a2800a28a2800a28a2800a28a2800a28a2800a28a2800a28a2800a28a2800a28a2800a28a2800a28a2800a28a2800a28a2800a28a2800a28a2800a28a2800a28a2800a28a2800a28a2800a28a2800a28a2800a28a2800a28a2800a28a2800a28a2800a28a2800a28a2800a28a2800a28a2800a28a2800a28a2800a28a2800a28a2800a4a5a4a0028a28a0028a28a0028a28a0028a28a0028a28a0028a28a0028a28a0028a28a0028a28a0028a28a002bc57e2bdc799e25963cf11451afe618ff00857b55780fc41b8fb478a6fdb3c09ca0fc02ff0089a996c4c8769da7fdb3c153478c9691d97ea00c7f2ad0f09ea5f69d216da43fbc83e5e7d3b55bf0d438f0b5b023efef3ff8f1ae66e7ccf0ff008819d41104e73edfe7fc6bc9a9ef5e2724fdeba35bc40ff2c4beac4ff9fceb08f6abfa95eadeba320202af20fad513582d8e74230e2bb1f879acd8688754b9bf99517c95da9c6e9393c28ee6b8f3f769873e95a424e12e645c65caee8f5a5f8a3e1e4fbb6b7833e9128ffd9a9f6ff12fc392dc471f93730ef603cc78942ae7b920f4af21e7d28e7d2b6fad5435f6f336fc657105e78b2fee2da549a2771b5d0e41f940e0d62f41473e94a07ad60dddb662ddddc50302a5b76db203dc547daa58c0f3412703bd4dc0975f962b4b1648c1f3a538ebc60fff005ab9f78bca8517daaf396d5753f9726284139f5c73fd2a2be5c7e0c4575d3d343a29fbaac741f09ae3ecfe3b8533813c0e9fa67fa57bd57ce1e07b8fb278e7499338067087fe05c7f5afa3ebd086c7520a29692ac614514500145145001451450014514500145145001451450014514b400945145001451450014b45140051451400514514005145140051451400514514005145140051451400514514005145140051451400514514005145140051451400514514005145140051451400514514005145140051451400514514005145140051451400514514005145140051451400514514005145140051451400514514005145140051451400514514005145140051451400514514005145140051451400514514005145140051451400514514005145140051451400514514005252d2500145145001451450014514500145145001451450014514500145145001451450014514500145145000480093d057cdbe229cdceb1712e7efccedff008f11ff00b28afa2b5197c8d36e65271b22639fc2be69be7325c6e3dc03f98cff005acea7c244b73d2f448bcaf0f58afac0adf98cff005accf12e969a858c8a57e65191eb5bb6a9e5e9d6d1f4db0a0fc80aaf763e535e2ce4d4ae8e09bb4ae79d5a48e9fe8f39cbafdd6fef8ff1ab4696e224791c11d18e08ed489b9786f987ad36d3d44ddf513b521eb52155ec48a611517246514b8a314c05c71452d00503140aa9793c8e7ecb6e7f78fc337f705597dedf2a71fed536285611c0ebd4f726ae2d2d594acb534f49d392d6c646ea7cb719f7c75ac5bf1c37fbf5d25a313612fd5fff00403fe15cedf8e24fa835ad36dbbb2a936e4ee51d3a7369acd9dc8e0c5708df9115f51a90ca08e8466be5390ed6cfa106bea0d1ee3ed7a2d95c673e6dba37e6a2bd3a7b1dc8b94514b5a14251451400514514005145140051452d00251451400514b4940051451400514514005145140052d252d0014514500145145001451450014514500145145001451450014514500145145001451450014514500145145001451450014514500145145001451450014514500145145001451450014514500145145001451450014514500145145001451450014514500145145001451450014514500145145001451450014514500145145001451450014514500145145001451450014514500145145001451450014514500145145001451450014514500145145001494b49400514514005145140051451400514514005145140051451400514514005145140051451400514514018be32b9fb2f84b519738221207e35f3ccea5ef19072776d1f81c7f4af73f8977021f0a3444e3cf9513f0cf35e29a40173aeda07e8f7084ffdf59358d576899cb73d5dd422851d1462a85cf4356e59467ad67dd4aa33935e24f73cf9ee71921fde37d4d373b4fa8a748a564604720d2052c698838238fc8d212bdc7e54bb71de986900bf27bd1f27bd371462980ecaf6146734d02940a005a46ff5629db49a5542c429e07a9a6866b69c9e65bb27a923ff001c35cfdf0e24fc2b72cae96d5cab0f9092c0f71f2918fd6b12f083bf9fe1fd78ada9ee5d2f88c598707e95f457802e7ed7e07d2e4ce4ac3b0ffc0491fd2be77946ee9e95ee1f07eefed1e0a10e79b79d97f0383fd6bd3a7b1de8eea8a28ad8a0a28a2800a28a2800a28a2800a28a2800a28a2800a28a2800a28a2800a28a2800a28a2800a5a4a5a0028a28a0028a28a0028a28a0028a28a0028a28a0028a28a0028a28a0028a28a0028a28a0028a28a0028a28a0028a28a0028a28a0028a28a0028a28a0028a28a0028a28a0028a28a0028a28a0028a28a0028a28a0028a28a0028a28a0028a28a0028a28a0028a28a0028a28a0028a28a0028a28a0028a28a0028a28a0028a28a0028a28a0028a28a0028a28a0028a28a0028a28a0028a28a0028a28a0028a28a0028a28a0028a28a0028a28a0028a28a002929692800a28a2800a28a2800a28a2800a28a2800a28a2800a28a2800a28a2800a28a2800a28a2800a28ae7bc61e2887c39a692194dd4dc44a4f4f73ec293761376390f8adadda35c59698ceceb14caf32c7d71dc03d8e07eb5e5f1bb453a4b112ac841423a8c74ab3a95fbea576d33b1619272dd589ea4fd7fc2ab0e4d72d495ccfcd9b5ff091df483e67c1f6a69d4ee65fbee4d66c699ab282b8a6a273cd22c09379c9ea69d4c45c5495cecc1884526da75252246eda36d3a8a004db462968a06274a69936f6a71a8dc66a90d114b74c0700fe1546795a4e33fa55b916aa3f07a574c123a20914a40ca6bd33e0beb31db5cdde9333ed3718923cf761c11f962bce6450fec696caf27d3aee3b881ca4b13655857642563a51f52d15cd782bc5b0789f4a56242ddc4312a67f5ae96ba53b9614519a334c028a28a0028a28a0028a28a0028a28a0028a28a0028a28a0028a28a0028a28a002969296800a28a2800a28a2800a28a2800a28a2800a28a2800a28a2800a28a2800a28a2800a28a2800a28a2800a28a2800a28a2800a28a2800a28a2800a28a2800a28a2800a28a2800a28a2800a28a2800a28a2800a28a2800a28a2800a28a2800a28a2800a28a2800a28a2800a28a2800a28a2800a28a2800a28a2800a28a2800a28a2800a28a2800a28a2800a28a2800a28a2800a28a2800a28a2800a28a2800a28a2800a28a2800a28a2800a28a2800a28a2800a4a5a4a0028a28a0028a28a0028a28a0028a28a0028a28a0028a28a0028a28a0028a28a0028a28a00af7d7b169f6725cca7e5419c7a9ec2be7bf14eb573afeb325eccc4c5b8ac63b71e9ed5e8df1035c92ef508f40b2902b303e6c84f110c7cec7e8b9fccd7956a97505c5e9168a52d62023814f5da3b9f72724fb9358d497432e6bcac4039e054eb11039ab563a7b0884f20e5bee8f6f5a91e1e7a571ca444a456419ab28314d11e29c2b9a4ce693b92034ea68a5ac9998668cd21a29085cd19a6d1400ecd19a4a2801734d34b4deb548a2375cd53962e739abc47bd4322124e39c56d0669176339d0e79aad29cb7d2aecc08078e6a8b7535d51675459abe1af105cf8735986f2063807e75eccbdc57d1ba56a56fabe9b05fdab868a650c3dbdabe593cb60d7a87c21f13982f1f42ba7fddcf968727a3f71f8d74c24687b15149456c50b45251400b45251400b4514500145145001451450014514500145145001451450014b494b40051451400514514005145140051451400514514005145140051451400514514005145140051451400514514005145140051451400514514005145140051451400514514005145140051451400514514005145140051451400514514005145140051451400514514005145140051451400514514005145140051451400514514005145140051451400514514005145140051451400514514005145140051451400514514005145140051451400514514005252d250014514500145145001451450014514500145145001451450025145140051451400555d4ef934dd367bc7e9121201ee7b0fcead570bf153536b5d0a3b38db0f72dff00d61fcf3f850c4dd91e597dabdc5c4da8dc64996f06ddfe916727e99217fc9aafa0698753bdf987ee62f99cfafa0fc6a9cb36237453f7c85cff00b2bfe47e55dff86f4c161a0c459712dc0f35ff001e83f2c7eb5c755d8c9fba8af3db00381f4aa325b7b56fcb1026aa4d101915c72673c99cfdc208d727f0a816a5d424dd74547dd4e3f1ef5029ac999326141a4539a730acc919450692810b49451400b4525140c52693a0cd1487e9548634e3f2a6953b719ebd69dc77a69058ed4ce7bfb0ad225a29ca0b7ca4f43d6aa4f16391f81ad47550bb31c551997692ac32a466ba606f066711562c6f25b0d421bb818ac91386523d474a8a4521b0460d22a6e561dc0e2ba627423ea1d17538f58d1ad7508b1b678c311e87b8fceaed79c7c1ad5cdd68773a73b65ada40e83fd96ffeb83f9d7a3d742d86828a28a63168a4a280168a4a5a00296928a005a28a2800a5a4a2800a28a2800a28a280168a4a5a0028a28a0028a28a0028a28a0028a28a0028a28a0028a28a0028a28a0028a28a0028a28a0028a28a0028a28a0028a28a0028a28a0028a28a0028a28a0028a28a0028a28a0028a28a0028a28a0028a28a0028a28a0028a28a0028a28a0028a28a0028a28a0028a28a0028a28a0028a28a0028a28a0028a28a0028a28a0028a28a0028a28a0028a28a0028a28a0028a28a0028a28a0028a28a0028a28a0028a28a0028a28a0028a28a0028a28a0028a28a002929692800a28a2800a28a2800a28a28012969296800a4a5a43400668cd14500145145002668a28a002bc7fe295f89bc43e403c5ac2491ef8e3f56af60af01f1c4c66f13ea9293c79c23fc324ffeca29326473da659fdbb57b7b3ed2caaadf4cf3fa66bd6ae300600000e00af3df01c227f128908cf9313c83f45ffd9abd02e0e4d7055dcca6ca6feb542f2410c124a7f8149abd21c5626bf214d3d941fbec17faff004ae57b9ccce743331249eb522d44bc548b96352c964ab215e9fca9de61ee298303a5159b440e241a6d1494842d14945002d140a70427bd031b9a693ef5298491c1cd44c08241e0d521a18e7229ab298b209e1bae286a8cf3c1ad625a2c2c4d71214870d85ce4f7fa547a859f90176b6f465dc8debeb51c723c6db91b0c3a11da96466600b3b3639193d2ba608d55ee66ceb940fe9c1a854ed606ad4fc34888a4a9191eddea91e95bc4e889dd7c22bf369e30fb31385b989931eff787f2af74af9bbc17726dbc69a5ca0f59d01fc4e3fad7d215d112d0b45252d50c5a2928a005a29296800a5a4a5a00296928a005a28a2800a28a2800a28a2800a5a4a5a0028a28a0028a28a0028a28a0028a28a0028a28a0028a28a0028a28a0028a28a0028a28a0028a28a0028a28a0028a28a0028a28a0028a28a0028a28a0028a28a0028a28a0028a28a0028a28a0028a28a0028a28a0028a28a0028a28a0028a28a0028a28a0028a28a0028a28a0028a28a0028a28a0028a28a0028a28a0028a28a0028a28a0028a28a0028a28a0028a28a0028a28a0028a28a0028a28a0028a28a0028a28a0028a28a0028a28a0028a28a002929692800a28a2800a28a280034514500251451400514514005252d25001451450014521a2801735f3b78b9ffe26da9b7add7f46ff001afa22be74f171ff00898ea07d6e8ff2a4c99742e7c3919d62e9bd2d88ff00c796bb79fad713f0dc7fc4c6f1bd20ff00d9abb59fd6bcfa9b98cf72a49d6b0bc447fd1231ff004d07f235b9275ac0f1137ee221fedff4ae6ea73bdcc2152c7d2a115347d0d4b258e1d29693b52e38a86405252d2647ad48051499fafe5467ebf953b00f14f5a8c11eb52291eb40122d41703121f7a9d6a1b9fbe3e94d022b3d42ded533d42dd6b689a218bc363dff00a53cb0200f418a61ff0059f8ff004a53d6ba606c8aeffeb5be9fd2a8b7423daaf3ff00ae3fe7b5513d7f0add1bc4d1f0e314f13698de9711ff00e842be9caf9874238f1069ff00f5de3ffd0857d3b5b44b42d1494558c5a5a4a280168a4a5a005a2929680168a4a5a005a29296800a28a2800a28a2800a5a4a5a0028a28a0028a28a0028a28a0028a28a0028a28a0028a28a0028a28a0028a28a0028a28a0028a28a0028a28a0028a28a0028a28a0028a28a0028a28a0028a28a0028a28a0028a28a0028a28a0028a28a0028a28a0028a28a0028a28a0028a28a0028a28a0028a28a0028a28a0028a28a0028a28a0028a28a0028a28a0028a28a0028a28a0028a28a0028a28a0028a28a0028a28a0028a28a0028a28a0028a28a0028a28a0028a28a0028a28a0028a28a002929692800a28a2800a28a2800a28a280128a28a002929692800a28a280128a28a0028a2928016be72f161cdfde7bdd3ff00215f4657ce3e2939bcb93eb7527f25a4f6265ba353e1b0ff004abe3ff4c947fe3c6bb29bef11eb5c87c351fbcd40ff00b11ff36aebe7ee7d2bcfa9b98cf7294bd4d73be226f9601eec7f9574537535ce78913cb6b7f338386217bf6fcab9fa9ce630e952a1f96a104b7dd181ebda9e1c28c0193ea6b58d09cf643e46c95416e94ec01d580fc6a4b1d3753d55f658d9cf73ebe5a1207d4f415d258fc30f10dd00d38b7b353da49371fc973fceba23825f69fdc5aa2730361fe2fc854a90a37f11af40b5f84b1200d77ac31f5114417f524ff2ab8be06f09597fc7c6a8f91d7ccba45fe82b4fab505b97ec63d4f3e8b4f85fac8ffa55a4d1207ff96d20fcabbc5d27c090f0751b63f5bd1fd0d4a969e08e89a8da8ffb7c1fd4d1ecb0dd90fd9c0e0bfe11b46fbb74c3ea99feb4d7f0ccff00c1344ffef022bd1e3d23c353f16fa9464ffb1728d523784a065cc17ad8edb9437f2a3ead425b217b18b3cb24d0efa1ff00960587ac673fa565dd2491bed915948ecc306bd766f0b5f47cc4f1ca3d01c1fd6b2af74a9514a5ed992bfeda647e7d2a1e0a3f6590e8d8f2e6350b576d7de13b3b805ad9daddfd3ef2fe55cb6a5a35f699969e2dd1ff00cf44e54ff87e3584a84e1ba1723467b7df1f85293cfe748dcb023dbf9d19f9aae052207ff5e7fcf6aa27fa55f6ff005e7fcf6aa27afe15b237897745e35dd3cfa5c47ffa10afa7abe5fd25b6eb1627fe9ba7fe842be9fada25a16969b4b563168a4a2801d45252d002d1494b400b45145002d2d252d00145145001451450014b494b40051451400514514005145140051451400514514005145140051451400514514005145140051451400514514005145140051451400514514005145140051451400514514005145140051451400514514005145140051451400514514005145140051451400514514005145140051451400514514005145140051451400514514005145140051451400514514005145140051451400514514005145140051451400514514005145140051451400514514005252d25001451450014514500252d14500251451400945145001494a692800a28a4a005a4a28a002be70f13ff00c7dcff00f5f527f25afa3abe71f137fc7e5c7fd7d3ff0025a996c4cb746c7c353f3ea03fd88ff9b575f37deae3fe1b1fdf5fff00d734fe66bb473e50f33f88fddf6f7ae0a9bb319ee53988b7e00ccdff00a07ff5ff0097d7a63f883449a38a2babccab10488cf539ee7fc2bbdf0fe84a816fae93321e63423eefb9f7ab7ae43a25828d4f5d74289feae16e771ff77f88fb74ada9504973cc518756798e85e09d5fc405648a216f6a7fe5bcc30a47fb23a9fe5ef5d8c7e1bf05f84543ead72979740676cbf31fc231fd73587adfc42d575726df4a53a7da740cbfeb187d7b7d07e75cd2c1bd8eedd348e7ea589fea6955c625a4099568c748ea77779f1423893c9d1b4a0a8a30ad37ca07fc057fc6b9ebdf1cf892f33bb50fb3a1fe1814263f1ebfad675dd85c59441ae51612c7023661bc7b94ea07d40e6b72d6e748d3e6d3aedc43b7695711b6e739886e2c39c30901c1c720fa571ba9526fde958cf9e727abb1cf349a9ea73ac4d35dde4b2676aee690b1ef8eb9a8e3d36ee79238e2818b4b379080e0664e3e5e7a1e456baeb3676d342151a58e2371192aa14189f95c03dc1278355db5e54bbf3a2b45554d405da26ec631fc3c0efc73595a3d59168f56521a3df99a587ece4491406e1d491c2019cfebd3ad579eda5b7589a55da268fcc4e7395c919fcc1ad94f165c2dec976d6b0bc92c09049bb3f328ebf89c73599797c2f2ded23302a35b45e56f0c7e719246476ea69351e8c4d47a122e8ba830b6c5a3b1ba52d08520ef0064f4e9c73cd36137d66be74325cc0a1f679884a8dde991dfdab561f1480f6265b5f96cadde0011c721a309bb0548cf5ea0f5c76a8ed757b747d29dfce5360183463050b02ccac39ea4b007e94ed1e8cab47a324b3f19f88ec8811ea6f2a8eab36241f99e7f5ae8acbe29cd1ed4d534d5753c1780e0ff00df27fc4562d85d6953dbda5a490c2e2d6d9e595df0a64721b0a33b7382c38ddcede31df22ded27be66581636907fcb3f302b1cf6504e5bdf1935ac6a548db95dcae69c6d6773d3acf51f0af89b02d2e120b96ff9667f76f9fa1e0fe1515ef87ee6d32768b880f52076f715e593d91491a2923786643cab2ed20fd0f4fe95bba278ef5bf0fb2c570c750b218f96527728f66ea3e8735d94b197d26691aca5a4b465cd73e1e0bb80df68a024a396b6270adfeefa1f6e9f4ae06547499a395192442559586083e847ad7bee89ace93e22b6373a64a048399216e1d0fb8febd2b99f1f783e3d5206d46ce3d97f18f980e3ce03b1f7f43f87d379538cbde81a38f5478f3ffaf3fe7b5516ebf855e933e7904608eb9aa2dd7f0acd1712ce97ff00215b2ffaee9ffa10afa82be5fd33fe42b65ff5dd3ff4215f4fd6d12d0ea2928ab18b4b4da5a005a5a4a2801d4b4da5a005a5a4a5a005a2929680168a28a0028a28a002968a2800a28a2800a28a2800a28a2800a28a2800a28a2800a28a2800a28a2800a28a2800a28a2800a28a2800a28a2800a28a2800a28a2800a28a2800a28a2800a28a2800a28a2800a28a2800a28a2800a28a2800a28a2800a28a2800a28a2800a28a2800a28a2800a28a2800a28a2800a28a2800a28a2800a28a2800a28a2800a28a2800a28a2800a28a2800a28a2800a28a2800a28a2800a28a2800a28a2800a28a2800a28a2800a28a2800a28a2800a28a2800a4a5a4a0028a28a00283450680128a5a4a0028ed45276a0028a283400945145001494514005145250015f38f89ce2fee47fd3cbff25afa3abe6ef139ff00898dd7fd7c3ff21532d897ba367e1a0dd757c09c0f2d73f99aefad225b9bf52e3e407eeff215e7ff000dce2e6f79eb12e7fefa35e9ba1aa44b36a338fdcc1c28fef37615cf18a736e5b2336b536f51d4e1d1ac84b20dd330fddc7ebf5f6af2bf12dd4dac5e25c5dc8ce533c740338e07a56beb7a9cb7b78eeed9763f828f41556e6da1d22de0babc8966bc93e6b7b67fba83fbee3bfa85efdf8ae4ab5a5565d91cb3a8e6ecb448cd874c58e04babf93ec96ac331a85cc937fb8be9fed1c0cfad2b6a860468f4d885946410ce1b74afebb9fafd42e0556b99e6bab879ee66696663f33b1c93fe476f4ab1a6e9571a95ddac080c4b752148e6753b3207383df1dbf5ac2f776898a77d208ce39f7cfeb9ff001fe944304b75324102192490ed54504e7d07d3d2babf0de99636fe379749d4208ee910c9147e62f0594e41c74c100f5ee69be27bfb95f13dbdc36982d21d36711c6f1a9dac15b70e781d3271e869fb3f7799beb63454f4e66cc38bc3ba94dae47a3c917d9eee5c951336074ce7233ce0552d52c26d2f509ec672a6581b6b6c271f87b57b16bba74775a9586a36e47daec2449180eaf093861f8727ff00d75e79f122dbecfe2d9a4c604f12483f2dbffb2d695682a716fccd274942372968be173ac689a8ea62f3cafb0a96f2fcbddbf0a5bae78e95815df781f9f06788c7fd316ffd16d5c9681a69d5b5db3b1c6565946fff007472dfa0359ca0ad1b6ec871568dba9a9a97836f74af0f41ac4b3a324a109880219370cd64d869f79a9cff0067b1b67b8908ced404f1ea7d057a7f896e1756f0d7886d90022c6555503b6d08c7f5dd597a63b785fe1e2df5aaff00c4c35290046db93924ede3d9413f535ace8c79f4dac692a51e6f2388bfd32fb4b9c437d6d2c12302ca1c7def707a13eb501c30e7047e9edffd6ae9bc45adea779a1db69bac6972a5d45213f6a9415ddd78031e8477ed5b17de1df0ce9da4da5b6ab70d69a91b7694ba139738cb023a75e0743c567ecaedf2bd1773374aedf2b38f8f5497c95b7bc44bdb651811ce4ee41fecb8f9971f97b548da6a5da34da5bbce141325b48079d18ee703875f52bce3a8155e3d3eee4b07bf8eda56b68982bcaa3214e3fcfb73cd451b18e4492290c6e841474382be841fe552a5fcc8cf9bf9d10c0f75a65e26a1a5cef0cd19cfca7b771eff004af54f0ef8a2dfc5da7342c161d4a15cbc59e1c7f797dbf9570c1175d6664558f55519644002dd8193951da41cf1d1b9ef58f1cd71a5dfc5a958bf95344d9e3fc3d3dbd2baa8d474df933784dc5d9ea99378e745fb1ea5fda10a6d4998acab8fbafcf3f8d70edd7f0af6ed64da78afc34353814289d7cbb841cf9528e87f3fe95e27346d14af138c3a12a47a106bb6496eba9d68b1a67fc856cbfebb27fe842be9ecd7cc1a71c6a967ff005d97ff004215f4f66aa2521d452519ab18b4b4945003a969b4b400ea5a6d2d003a8a4a5a005a5a4a5a005a28a2800a28a2800a5a4a5a0028a28a0028a28a0028a28a0028a28a0028a28a0028a28a0028a28a0028a28a0028a28a0028a28a0028a28a0028a28a0028a28a0028a28a0028a28a0028a28a0028a28a0028a28a0028a28a0028a28a0028a28a0028a28a0028a28a0028a28a0028a28a0028a28a0028a28a0028a28a0028a28a0028a28a0028a28a0028a28a0028a28a0028a28a0028a28a0028a28a0028a28a0028a28a0028a28a0028a28a0028a28a0028a28a0028a28a0028a28a002929692800a28a2800a0d141a002929690d001494b494005252d25001494b49400514521a005a4a28340057cd5e253ff00132bc1ff004f0ffd2be94af9a7c4a7fe26d7a3fe9bbff3a996c4bdcd9f8764fda2f428c968d540f5258d7a5ebb3ae9ba7c560847ee57e6c7f139eb5c37c28b1df7b2ddb8cac4379ff80f4fd48ae875579753d5d2da2f99ddc01ee4d71d795a3caba9cf5a56565d466976f1c30cbac5ea6f8a16c451b7fcb593b0fa0ea6b1b52b99aee76b89dd9e476dcc7d4d6cf88678d678f4db739b7b25f2c63f89bf88fe7fcaaae8fa3c3addf7d924bd5b6728c6207fe5a36381fd7d78ae269b7c91fe99c724dbf671fe98969e182de1eb8d66fee45a4213fd181e4caddbdf07a7af3e839e8bc1b70bace8b1594cc05ce95729344c7a94cff86e1edc556f0f4a239a7f076bf162390fee431c6d6ce700fbf507d7eb51b4dfd83e3c967b3d3a4b6b1b7558ee40195f2ce0799ec3a1f7c13eb5d104a1692db6674c128da4bd195bc576777a2f8a535e8d77dacb324d1488720918c83f5c1fc0d6cf8eedb59d662b6834db7171a7bc5e792aa321867f889e383c01d79aabaa6bb6fa0ea1a868d77126a5a6dc2f99144b20cc2cdc94cf619c91e9c62b9b97c69acad847616b73f66b7857626cc6fd83a65bae71c718a2528479a2dee394a31ba6f73acd4b5b934fd2bc37e214cba84105c28fe35651bbf2284fd6b13e25ddd86a177617563770dc130b2bf96e18a8c8233e9d4d71f23bb8019d885c800b74f6a89bbd633aee5171b6f633955724d1d9f81759d1ec34ad52cb56bbfb3adde14615892a54838c03eb56b44bbf08e85e259af6d35066b74b5022f3158969093bb1f28ec07fdf55c225b4f2729048df442686b5b84fbf6f2afd508a51aad25a2d0154692d363d2b48f1859ebda66ad6b7e965a749344554ee0be696560739ea471f9d36dadae3c53e08d2934a9a24bbd3655dcb21e0150403d0fb1fcebcd56a7b7b99ad98bc13bc2c47de462bc7e1dbdaa9621bd24ae3f6cfed1ea9a99fed7f1268fa13ca2e4d88fb55eb80002ca0632071c93d3fdaae7fc63aa69de21be4b4b0b391f528ee3ece2527865048e39e9b8f71581a0788ef3c3d7525c5aa452b4a312094672339ebc107deba5d2fc43a1dcf8827d76e608eca482dbf750281fbd7e72d9c0e7b0cfad6bed23515af6bbfc0be75356ee7456f6f79a249a4683a7d9996dc82f7b70c99423f8b9f527271f415e71ae456d6fafdec367c5ba4eca817a0e7903db3c7b015d8788b5cd4ecfc29a5c91dcb4371a81696564c6429f9b03d86e038e78ae2b4dd32eb56d412cecd374ae7a9270a3b927d07af7e94abb4ed08a22bbbda11212cc9307462aca430607054fae7b76fa75ad3d451753b23abc4a04818477d1a8c61cf4900f46c723fbc31deaf78abc331688b6f716971e7c2e7c9949392b28193c0f519e3dab2f46bb8ad2fc2dd67ec972a60b9193f71bbfd54e0e7dab38c5c5f248c945c25ece5d47f82f525b1d726d1ee5ffd0f52511f5e15ff0085bf3e3f1ae47c5f62f61e209d597696ce47a30383fa8fd6b6b5ab19f4dbf92294e27b394ab11c647a8fa8c37e3ed478e986a761a7eb4305aea10d211ff3d07caffaae7f1aeda326e2e2fa1d94a4dab3e8729a77fc852cff00ebb2ff00315f4ed7cc5a77fc852cff00ebaaff00315f4e66ba226e87514dcd2e6a862e6969b4b400fa290528a603a969a2945003a969b4ea005a5a4a5a005a28a2800a28a2800a5a4a5a0028a28a0028a28a0028a28a0028a28a0028a28a0028a28a0028a28a0028a28a0028a28a0028a28a0028a28a0028a28a0028a28a0028a28a0028a28a0028a28a0028a28a0028a28a0028a28a0028a28a0028a28a0028a28a0028a28a0028a28a0028a28a0028a28a0028a28a0028a28a0028a28a0028a28a0028a28a0028a28a0028a28a0028a28a0028a28a0028a28a0028a28a0028a28a0028a28a0028a28a0028a28a0028a28a0028a28a0028a28a002929692800a28a2800a0d141a002929692800a4a5a4a004a28a2800a4a28a004a28a2800a434b4940057cd3e2419d66f47fd366fe75f4b57cd3e20e75abdff00aecdfcea27b12cf42f87b1ad9f84e79cf0f3bed5fa0e4ff35ad2d09846d7fad48062da3222cff7db81f956168d706df4b82d01c797a709587a33b91fc956b6ef47d87c21650747bc95a66fa0e0570d5769dfb2febf1392a3b4afd95cc06dd2393cb331cfae7fcff9e95dae93a5681ae6910b471c90de598cb3c2d895587f17bf3ed5ce68af716773fda91da7da22b420c80f607233fceb7a7d3535064d77c273ac57911dd25a9380d9ea31efe9d0fa8aca82ebbf97f919e1e3d4d0bdd26cfc51a6218b518a6d42d0feeee91763ab0ecebd47bf4e79e3a5735ad78defa6d34e95e42c5760186f2652086209185fafaf6fd6a1f12ea7617821d4208e7d3b5c5731dd44b942001d49ebe983f9f4ae621824b9992de08cc92c8db5100e589edfe35556aeb68f5febef2ead5b3e58ee40791eb9fcbaff002feb5d2e8fe01d5f55559ee3fd0203cee9865c8f5dbebf5c5741a7e9161e0e8a096ee13a8eb7727f716f1f241f6f403bb1ad992c24962177e26b91286395b288910a7d47f1903d7f01453c35fe2dfb7f98e9d05f68afa67c3ef0f411acae1efc91c33c9f21fa05e31f9d7416da569963816d636d07a6c8954d53334c44f636aa916c42d02c2b8da0608f621b3fcc528d32ea5fb249248165b7e18e73bc07047e82bd08d38c5688eb518ad91a42e20c1c4a9f2b6c3861c1f4fad0b7103bac62542ecbb95777247ad556d35cc7320980df379a87693b4e738c67f962962d34457915c094b08e1110523d33cfd79fe75a144b71a7d8dd8db736704d9ed2461bf9d616a3e01f0f5da330b76b36193be072a07e0723f4ad7b8b6ba37ff6b8d918244ca8878e4f7fcf1f9554b57bdb6416f70dbde59422aca377cb8c93efd7fce2a254e32dd12e29ee8e0f54f877a8dac66e34d993518319509c3e3e99c11f43f85728caf1b94915d18120ab02083df3efeb5ec1fd94a4bdce853369b3ef6023c6609c8f54e9f88c1ac9bdb1b3f16bcb61a85b0d335e817208e4483b303fc6bfa8ae0a9865f6747f81cb3a09ec70736a377a9436567733864b63b216738d81b1c13e9c0c1ec335e93a3d8c1e1ab9b4d26dad24b9b9bc52f7574aa42a2007f8bd33c01ef9ef5e637f6171a65ecb657a9e5cd11c303c823d47a83d735d4786358f106a6aba05ade471c623399e51fbc8d06010bcf279f4fc4567425cb3f796a4519253b4b71baddd45ab3db786f40b39992195a476739677e46ece7a727e63ea3f1e6ef2d26b0bb9ad2e542cb0b9470324647a7b6391edf5aeee7bed27c3fa06a317876ee05beb7748e79a4197763e87b9033c0e060d71fadeacdae6a06f9ed961731a23ec39dcc07527d4f6fa0f4aaab156bb7a8abc55aedea4dad01a968da7ea473bd91acae4f27e741f293ea4a1fd2b9d8e4375e09bbb3939934fb90e3d95c61bf0cc6bff007d574ba42fdaf40d62c71968a34bc880ec50e1c8ff0080b0fd2b98b0006a3ab5976bab266518c72b890fe8a6b6a4ef24fbaff806b4ddddfbafc8e7ec38d56d3febaaff00315f4dd7cc963c6ab69ff5d57f98afa6abae275216969b9a5aa01734b4da5a063f34a29a2945003853a9a2945301c29690528a00514ea6d2d002d2d252d001451450014b494b40051451400514514005145140051451400514514005145140051451400514514005145140051451400514514005145140051451400514514005145140051451400514514005145140051451400514514005145140051451400514514005145140051451400514514005145140051451400514514005145140051451400514514005145140051451400514514005145140051451400514514005145140051451400514514005145140051451400514514005252d250014514500145145001494514005251450025068a0d002514514009451450025145140095f3478833fdb17c07533b8fd6be97af9af585dfafdd2faddb0ff00c7aa244b3a7b49776bb7d02ff0416d0803b15500ff00e3d9aeb3c61fbabcb3b25e16dad91703d6b91f0c27db3c657edc9592fb68f4c798dfd3f4cd74be2d93cdf12dd1fee90bf9015e7d67f13f438abbf8be48d1f0e4ba5dce8b71a3dcdcb5b4f72f92fd01c63033fd3deacea3e19be8bc41627462d63188f0f769f300c013cae7a1c018e9cd268d1681ae5b45a7cb6924577145f34806d271d4e47f5146ac9a9e85a04f71a6eaf15dd814f2cacbf3326ef941423b8cf4aa8a5ca9b574baa34825caafd3b1c4eb3a9dceadaa4b7574f1bbf080c4085c018c8079e793f8d74be0fb5b6d1746baf155fae42294b71ebdb8f727e507ebeb5c74513cd324310cbc8c1147b9381fe7f0af42d6ad63b9d7340f0942336b6ea27b81eaaa3807eb83ff007d56545372737bfeacca8de5273669f86b4dbaf265d7b505126a97cbb955b810a7f0a0f4ed9ad2b55fed18a6175114915d412011823918073823f1a517af26a3b2da45750763c4e0a95c1e581eff00feaad2af523151563bd2b2b0d8e348a358e350aaa3000ec29d45154320bdbb8ec6c67bb94e23823691be8066a9f877561ae6836ba86143ca9f3aaf40c0e08fcc560fc4dd4fec5e18fb2ab624bd9027fc04727f901f8d667c26d4f7da5ee96edcc4c268c7b1e0fea07e75939fef394f56181e6cbe589eb7fc36fcdfe07a252100820f434b456a79465de40d6ac2e628bce31aac76f101c464f19fe55435ad35b5bb057b79563d66c312432c7fc2ff00dd27d0e304574446460f7ac9453a6de7969e5c56c14169a67ce579f9474c73f5f5a528a92b3135756391d7563f16f84935d8a2f2f50d3f2b73181c8c7de18f6fbc3db35c7e97a8cda4ea56f7f6f82f0b06dbbb861d0ae7dc1201f7f6af41b7d9a3fc45b8b2c0367ae41e6aaff0f98339fcf0df98af3ed56c7fb3356bab1e7104ac8b9eeb9e3f318fa75af32b269a9f5386b269a9adcec6dbc256f7d7c9abebf776f6bf6f943c36b0381bcb1c81b8fae7b7af5a8fc45a9e8f2e8da868b05b4760fa7dc2882338ccc412ac703db3c9ec4556b1b1d63c57a5e9896b0470ae965a2fb6493609e410028048c00bcd5f5f0569704e6db50d69ae7529d19a3851b6966c13b8f563c8ce722b649b5eeadfa9b59b5eeadcc0f073affc24d05bc9feaeed2481f38e4321e0fe23f3cd7311ab5bf8aac15cf33136cdff0002ca1ffd0ab67419fc9d7b4e973802e63ce0f62c07f2fe9eb59de2f1fd9fe29798003ecfa8bb0f61bf70fe559d27a2f531a2f45eaff2397b218d5ed57d2751ff008f0afa6335f36f97e4f89445fdcbbc7fe3f5f4866bbe2770ea5cd37345500ea5a68a750038528a6d38500385385305385031c29c29a2945301c294520a51400a2969052d001451450014b494b40051451400514514005145140051451400514514005145140051451400514514005145140051451400514514005145140051451400514514005145140051451400514514005145140051451400514514005145140051451400514514005145140051451400514514005145140051451400514514005145140051451400514514005145140051451400514514005145140051451400514514005145140051451400514514005145140051451400514514005252d25001451450014514940051451400945068a004a28a280128a28a004a28a280128a28a004af9c2ec6ef163a9e875023ff001fafa3ebe6dd4665b7f134f339c2c77ccc7e81ea642674bf0c47da35e4908059ee031f5e327f2adad75fccd7ef5ffe9bb7f3acbf8469bb5687feba31ff00c74d5dd49b7ea772deb2b7f335e656d9fafe879f5de8fd7f43afb0f16e8b2366e6c8daccc9e5995141c8fa8e6b9cf1569da45ad9c171a56a2665965dad097ce0609cf63d71d477f6ac93fe7fcff9fd2ab5d745e9d4f519ff003ffebace559c95a48cdd77256922f78520fb4f8af4e8cf4136ff00fbe416ff00d97fad75fa0c8d7bf103c43a805f30dac6208d7dc7181f8a1fceb9df00c7bfc5b01c7dc8e46ffc771fd6b6bc032978fc437803b34b759fddfdeeac78fceba30eb48fabfc8e8c3af757a9d5e930c4269a65b7f258e01c0214e79e32011fcab52aa69e43c064124ee5ce489860a9c0e3a0ab75e89da53d52c4ea166d079b22061ff2ce428df50c3a1fd3d6bc9fc49a6f8974091a51aa5fcf679c0944ce0a7b38cf07dfa1ed5ec955afd2dbecb2cb7407951c6c5c9191b40c907d463b567382923d1c0e3a7859dadcd17d1fe87cfb737d797bb7ed7773dc6ccedf3642d8cf5c669b6d7773672192d6e2581c8c1689ca9c7a64536e24496e659238c468ee59517a2827a53082a4820823820f6ae03f45518f2dada763a4d060f136bf3ed8353bd4814e249de77dabec39e4fb0af5ad0b4a6d2ad044d7371313cb34f217663ea73d3e83f5a8bc2df639fc3f63756b12468f08c228e10f4603f107eb5b35dd4e0a2ae7e7d9963a75ea3a7cbcb14f6ff30aa7a869c9a82c61dca6c39caf5c7b55caaf7ce52d1d8094e31c45f7bad6a79471fe3f034cb8f0fea884ff00a1dd042c4e495383c9fa29ae77e20c021f16cce3fe5bc31c9ebdb6ff00ecbf8d6f7c445f37c108e629a32976ad89892dd1877fad62f8f5bcfbcd2ee79266b0439f5e49fcf9e2b8310be2f91c95d7bb2f91178545a7957936a9a8cd0d85a323b5aa48c04eed900100fcdf77a77fc0d69cfe38d35f7ddc7a2ecd492368ade5c8da89c8193db19e807af38ae24005c1c0cf6207f9fc3f1a776ffeb7f9ff003c573c6b38a491ccabca29243eddfc99e2704fc8e187e07fcfebe94ef8a1104f10df818e2746fce307fad40f90add7a1f5ff003fe7deaffc5319d62e9ffbe216ebfec01574b6f9a2e8edf3471f31cf8a437f7aef3ff8fd7d199af9ba39166d76de44390d3a1fd457d219af4627a02d2834da506a807669c2994e1400e14e14c14e1400e14e14d14e140c70a70a68a70a6028a70a68a70a00514b494a2800a28a280168a4a5a0028a28a0028a28a0028a28a0028a28a0028a28a0028a28a0028a28a0028a28a0028a28a0028a28a0028a28a0028a28a0028a28a0028a28a0028a28a0028a28a0028a28a0028a28a0028a28a0028a28a0028a28a0028a28a0028a28a0028a28a0028a28a0028a28a0028a28a0028a28a0028a28a0028a28a0028a28a0028a28a0028a28a0028a28a0028a28a0028a28a0028a28a0028a28a0028a28a0028a28a0028a28a0028a28a0028a28a0028a28a002929692800a28a2800a28a280128a28a004a283450025252d25001494b494005252d140094514500257ccbaff00fc862fff00ebea4ffd08d7d355f327883fe4337fff005f527fe846a2426773f0847fc4d2227b6f3d7fd9352dd65ef26239cbb74fad56f04d99d17471a9dfcb7023ba8f3045696924b205c907240da33f5a9ef3c65a55a1220f0ceab718ef72de48fc941fe75c72a139e9e672ce839e9e633cb727ee9ff3fe7f9d54be222f2d5ce0b1e3dffcf6fc2a09be265c447fd1bc31a6c5ff005dd5e523f322a35f880758b3bdb2d66d34fb68da026ddeded4ab2ca19481919c02322a1e0e495ee47d534dceabe1d807c55db8b693f9aff9fad68fc379962d0b5695d9d40b81928403d07735c9f81bc5fa3e97af9b9d4aec410fd9d937ec76cb12b8e00f415dce93e38f87da3da7d974fd522863cee3fb9972c7d492bc9adb0f4e4926fa5cd68c1a8abf99d5585c79d64ef0bb4aca481e6b83ce3a657b560a78d5c0066d3d549d3beda36cd9e493b53951d78fcfa53c7c49f071e9ae43f8a38ffd96947c43f071ff0098ddb7e2adfe15d6d37b33d0a53a71bf3c2ff3b114be395459992c4388ece3b907cec7ded9c1e38fbfd7d8d58f1b5c5d3f864da58c4d2dd6a0561444e783cb7e18079f7a6ffc27fe0e208fedbb4c1ebd79fd2924f1cf83a6237ebd6c547f0ef383f518a9e56d34d9aaaf4a138ce14ed677def7dadf8993e13f00c361b2eef364f72390d8ca467fd907ef1ff68f1e99abbe2af045aeb08d7087cbb90389c2e49f6703ef0f7ea3deaf7fc2c0f097fd07ad3fefa3fe147fc2c0f097fd07ad3fefa347b38db96c54b30c4cab7b7e7f7bfad2dd8a1f0f12f74eb2bad16fe32925b49e6447395746eea7b8c83f9d68dff8a96c3c471e92f684a3a0769f7e028c1278c7b2f7efed502f8e7c1d1ca5d35eb65cf25439c13eb8c538fc40f07e7275cb427d79ff000a145a564c99e22156b4aad486fd13b6bdff00e015a3f1d196381d74eff5b672dc30337dd29bfe5e9ce767ebd38ad983511a978763bf6636be7282769c94f9b18278fa1f4e6b34fc43f068ff0098ddb7e0adfe1487e2478340c7f6dc38f68dcffecb4d26b76456a9464ad4e1cbf3bf7febe466f8f595bc092ecb97b902e53e77ac1f190cd878758e3274d5ce7e8bfa7ad74ba878ff00c05a8d9c9677baac534120c32182539fc96b87f1c78b740bc6d322d16f3ed10da4062e51d76e31b7ef0e7a573d7a7269b5e479f560dc5d8c87b986394a3be1bb8233f9ff005fc2945cc04e048b9f7201ff003fd6991f8da3d2348b5834cb5b1ba9e57924bb3756bbf07202804e38c0cfe34d5f1d8b938bbf08e8f367a98607898fe2a6b18e11b57b98ac25d6e58055d4ed21863f87fcff009e3d2b43e2690f73bc1c86b581b23a1e07f9ff00f5d66a5ef877507dd2785757b16fef58ce65fd1d7fad3f53f0ecd75a44f7361a95fcd0db43bcdbea165244eb1af380f82a71e991571a1282fb8b85070ebd8e4b4fff00909d97fd765ffd0857d2b5f3569fff00213b2ffaec9ffa10afa4eba62748ecd2e69b466a807d2834d06941a603c1a70a60a70a0078a70a60a70a0078a70a68a70a0638528a414a2980ea5148294500145145002d145140051451400514514005145140051451400514514005145140051451400514514005145140051451400514514005145140051451400514514005145140051451400514514005145140051451400514514005145140051451400514514005145140051451400514514005145140051451400514514005145140051451400514514005145140051451400514514005145140051451400514514005145140051451400514514005145140051451400514514005252d25001451450014514500251451400868a28a004a4a5a4a002929692800a4a5a280128a28a004af993c43ff0021bbff00fafb93ff004235f4dd7ccbe21ff90ddfff00d7dc9ffa11a890997af7c55afe9179f60b0d5eeede1b58e384449210aaca80371d3ef026ad5b78dfc7f24226b7d42fe58b38de2dc3afe7b4d62f8aa110f89af8afdd9a4f3d7fdd90071fa357a9fc10d52e2e748d434d936986ce4478b0391bf7647bf2bfad69d0a388ff008593e394768defdcb2fde57b48f23ebf2d21f8a1e2b1feb66b66ff007ece3ff0aec3c25e28bdbaf8c1abdacb1c5e5de3bc2d85e5443b8263f01cfd69df1b35b960b5b4d0d218fcbb91e7bc847cc369c003d3bd0238cff859faf1fbf0698ffef59251ff000b2f563f7b4bd15ffdeb15ff001ae4e28269d8ac313c8c39c22927f4a6329562ac0823820f6a067603e245f9eba0e80df5d3c7f8d27fc2c6b83f7bc35e1c3f5d3fff00af5dcfc1ebdd061f0c5cc72cb6b15ef9ac6e3ce655664c0da79fe1c67f1cd79678a9f4e7f146a2da485164676f2b67ddc77c7b6738f6a046d7fc2c593bf857c367fee1ff00fd951ff0b0cf7f09f86bff00003ffb2ae3e8a06761ff000b0ffea52f0d7fe007ff006547fc2c3ffa94bc35ff00801ffd9571f4500761ff000b0cf6f09f86bff003ff00b2a3fe162c9dbc2be1b1ff0070ff00fecab8faeabe1d6a76961e2cb682f74d82fa2be65b6c4aa1bcb2cc00600823afe940137fc2c6b81d3c35e1c1f4d3ff00faf47fc2c9be1f7741d017e9603fc6bd23e2a68fa65af812ea6b7d3ad6195258b6bc70aa91f301d40f435e0f401d87fc2cbd587ddd2f454fa58aff008d1ff0b3b5e1f720d313fddb24ae3ea68ed2e6585a68ede578d7ef3aa12a3f1a00eabfe16978a47dcb8b58ff00ddb48ffc298df14bc627a6ac17fddb6887fecb5c953a38a49a458e28d9ddce15546493e8050077717897c797da249aa8d7dd6340cc102056651d4821703a1ea46707db393a7f8b7c41a96a96f677dacde4d6f75208658de53b595fe5391d3a1a9bfb4e5d1bc3eda4ea16d736b74217416f34054bee24abe4918032dc639c7bf189e1cb4fb778934eb624aac9729b98750b9049fcb3400cd3c6355b207af9e9ff00a10afa4b35f385b49e6eb96b20006fb956c0ed9615f46e6b28903b34a0d3734b9aa18fcd28a60a703400f14e14c14e14c078a78a60a70a0078a70a60a78a06385385345385301c29452528a0028a28a005a28a2800a28a2800a28a2800a28a2800a28a2800a28a2800a28a2800a28a2800a28a2800a28a2800a28a2800a28a2800a28a2800a28a2800a28a2800a28a2800a28a2800a28a2800a28a2800a28a2800a28a2800a28a2800a28a2800a28a2800a28a2800a28a2800a28a2800a28a2800a28a2800a28a2800a28a2800a28a2800a28a2800a28a2800a28a2800a28a2800a28a2800a28a2800a28a2800a28a2800a28a2800a28a2800a28a2800a28a2800a28a2800a4a5a4a0028a28a0028a28a004a28a280128a0d14009494b450025252d14009451450025145140095f32f887fe4377ff00f5f727fe846be9aaf997c43ff21cd43febee4ffd08d4484c9bc5fcdfd849fc52697685bdcf92a3fa577ff027a6b7ff006c3ff67af3ff00183635782dff00e7dac2d623f510a67f526bd03e04f4d6ff00ed87fecf57d0675ba4f80347d33c5b2f882d6fae24ba792576899d0a82f9cf419e326b96f8a5a3c9aff8ebc3fa544db5ae632a5b1f7577658fe001358be0a3ff0017aee7febe6eff00f67aee75d9238fe2f786fccc0dd6b3aa93ea435302bf8a3c4361f0b749b0d3f46d321779f3c31c642e32cc47249269be23d034ff0088be0a8b5eb1b558751683cd8980f9988cee8d8f7e4100fafe357be21699e119dacb50f14ddcb0ac1bd628e363fbece09180093dba63ad717aa7c555834e1a2f8334b6b4b78d0aa4aeb9655e492aa338ee7249a00e8be175be87aff84505ce836267b290c0f249023993807712467bfe95c2789e4d2fc3ff00166e1e4d2a09ac2de54dd66115508318cf18c7539fad76ff0003f9f0d6a19ff9fdff00d916bcfbe27ffc946d53fde8ff00f45ad007b65ef843c246c267b8d0f4f8a011967758150aa81927206471e9553c2577e10d7f4d9e2d0f4eb716f03797246f6c17391c139ea0fbd6978a3fe44bd5bfec1f37fe8b35c0fc0aff008f2d67feba45fc9a901c678fbc351699e3c7d2f4a8709746368215fe12fc6d1ed9cd7a55a7867c3df0dbc2d26ad7f6897d790a0324aca18b39380a99fba327af5ef58de21310f8f1a4f9b8dbb23c67fbd86dbfae2bbcf1968767e20f0e4d657f7bf618032c8d392004c1ef9e2981cef86bc43a07c4db5bbb0d4344862960507cb621cec3c6e56001041fe62bcfaf3c2927847e28e916419a4b696fa092de46ea50c8383ee0f1faf7ae8ec3c43e02f876b31d1a4b8d5f5091363c8adc11d71bb0140cfa035cc1f16ea1e2ff00887a15ddec690a477b02c30a0e114c8bdcf53ef401ea7f152de6baf02dc5bdbc4d2cd2cd0aa220c9625c6001521d622f06781ad2e7c410dbc5750c2b18820e77b0180a33df0064f41cd6feb3abd8e85a64ba96a327976f0e093b72724e0003d726b9df88de1e4f14f83de5b4025b8b65fb4db32f3bc63903eabfa81480e13c25a58f899e34bdd7f56b58e3b383616823ced76c61549efc2e4fff005eba5d47e2643a2f8da2f0d5be9d0ae9f14896f248bf2952d8fba07000cf4f6350fc0e78cf86b50418f316f32deb828b8fe46a3f129f007863c5175aaea0b36a1abb48261680ee58db00838e00ec7927af4a6057f1ee896fe14f15e93e2bd3ad22f2e5b911dc4057085c83f301d891bbf100f7aedbc63e22b2f0969506a73d88b96f3d62895700a9607241c71f283fcabc6fc4fe31d6fc61736973716ad6da547721614452537fbbf76c1ffeb577ff001b7fe454b1ff00aff5ff00d01e80337e39c11359e8f7414799be44dddca90a715e7be0a1ff00153c2ddd20b871f510b91fcabd1be387fc81f47ffaeaff00fa08af37f06301e2bb343ff2dbcc847d5e3641fab51d00a3a77fc856c7febba7fe842be9006be6fd3bfe42b63ff5dd3ff4215f4766b28923b34a0d3734a0d500fcd381a6034a0d0324069c0d305381a604829c2980d3c5003c53853053c5031e29c29829e2980e14a29a29c2800a28a280168a28a0028a28a0028a28a0028a28a0028a28a0028a28a0028a28a0028a28a0028a28a0028a28a0028a28a0028a28a0028a28a0028a28a0028a28a0028a28a0028a28a0028a28a0028a28a0028a28a0028a28a0028a28a0028a28a0028a28a0028a28a0028a28a0028a28a0028a28a0028a28a0028a28a0028a28a0028a28a0028a28a0028a28a0028a28a0028a28a0028a28a0028a28a0028a28a0028a28a0028a28a0028a28a0028a28a0028a28a0028a28a002929692800a28a2800a28a280128a28a004345068a004a28a280128a28a004a28a280128a28a004af99bc41ff0021dd43febee4ff00d08d7d355f327883fe439a87fd7dc9ff00a11a8909917892469bc49a84ac73bee1d97fdd27e5fd315e85f0cbc61e13f0ce832457d70f6f7f3ca4ccde53b8603eef407b1358527846cb54d36c7589fc456d602eade350b730b85dc8a10fcfd09ca93f8d57ff00857cb27fc7bf8b7c392fb1bdda7f222b45b0cebf43d63c0165e3cd4b5d8f5231f9815a067570bbdf779a40db9f4ebea68f88be22f0e5f4363aee8dac24babe9d3298123270cb9c9c823b63f5ae43fe159eb0dfea750d1e7ffae77ca7f9d1ff000ab7c547fd5dadb4bfee5dc67fad007a427883c1bf127428ed7579e2b4b84218c52ca2378df1c9463c30ff0024566cbaa781be1b594eda1bc7a8eab2a95522512b0ff79870a3d40e4d70cdf0bbc64bff003072dfeedc447ff66a89be1af8c57ae8737e0e87ff0066a00f54f8713683a2785e366d76c8dc5fb7daa7479d13cb7603e4db9e318ae6bc65e1bd0f5af88363709e20b758b54dc6e0ac88c22f2d077ce06e031cf7f5ae2dbe1ef8b97ae8375f8007fad30f80bc583ae817bf8479a00fa0b50bbd1b52d2ee74f7d56d563b985a162b3a6406046473ef5e79f0b6f74bf0e6bdae6813ea50b31994413121566dbb81c1ce33c8e335e7a7c0fe2a1ff32fdfff00df83487c13e291ff0032fea3ff0080edfe1401e81f15e1d1adafa3d7adf573fdb4ad10b7b78995828524963dc7ff005aba5d0fc67e1df1de84fa6ea524505c4f1f97716b2becdc7d509ebcf231c8af19ff00842fc51ff42f6a3ff80cff00e147fc217e28ff00a17b51ff00c067ff000a00f4f3f0b3c19a1cdf6fd575691ad50ee115c4c88a7d890013f4154e2d5b42f1af8fac3ecf341a7e9da0a0960765119b82acb8519c61460607d7d78f3dff00842bc547fe65fd47f1b76ff0a51e07f151ff00997eff00fefc1a00f75f158d07c4be1eb9d2a7d76cedc4b822413a1da54820e33cf4ae6fe1678d6c5fc3874bd575082de5b03b2269e509be23d3193ce391f4c57988f0178b0f4d02f7f18f14f5f87be2e6e9a0dd7e200feb401dbcdaf689f0fbc6e6e748bd8efb4bd554b5dc16f22b881b7705483ee78f427dab7b58b3f871e3091358bcd56d5640a033add089980e8194f3fa66bcbd7e1af8c5ba68730faba0ff00d9aa55f85de326ff0098395ff7ae221ffb3500751aaf8afc29a8eaba4f866d4ada7872ca6f3669d5480eca095038ce33d4f539fc6b53e21f8b7c1de20f0a4f6916a8b3ddc4c25b658d1c7ef071d76e31826b86ff00855be2a1feb2d6da2ff7eee31fd68ff8567ac2ff00aed434783feba5f28fe5401d278e3c7de1bf11f832282381a6d51d540578c8fb31c82c73d0f4c0c7ad79ce88655d774f681b64a2ea3d8de8db860d743ff0afd63ff8f8f16f8762f617bb8fe82add9783ac2ca2b8d560f12db5f369f134fb2da0765dca09505fa0f9b1d68d80e5ad9d5f5bb6745daad72a547a0dc2be89af9cb4eff909597fd764ff00d0857d179aca248f06941a666941aa024069c0d460d3c5003c1a783518a78340c9053c5460d3c5302414e14c14f1400f14e14d14e14c638538534538500145145002d145140051451400514514005145140051451400514514005145140051451400514514005145140051451400514514005145140051451400514514005145140051451400514514005145140051451400514514005145140051451400514514005145140051451400514514005145140051451400514514005145140051451400514514005145140051451400514514005145140051451400514514005145140051451400514514005145140051451400514514005252d2500145145001494b4500251451400868a0d1400945145002514514009451450025145140057cc9e20ff90dea1ff5f727fe846be9baf98fc41ff21bd43febee4ffd08d4484cecbe189bb9239ace0977a5c2926de5f9a36da093f29e39e9f955cbed23c23a8bb7dab497b2973cc960fb39ff0071b2bf962a2f8427fe2690f5fe3fa7dd34b738fb54bd3ef9fe75c32ab386a9f5671ceb4a1af999737c3fd1a724e9fe275889e91dedb94c7d59491fa540fe044d1ac2feff0054d474eba863b722dd6d2eb7334a5942f180700126b549c1eabf9552be48a4f2cc9b4ed271c7f9ff0039a3eb8dab584b17dd0ff047846cb59d6cda5f4b388bc96706294a9c823fc48aee6cbe1a786afed96e6c359d55e17e8f15e0c7fe8358ff000e4e7c547073fe8d27fecbfe7e98ad0f868ecba0eac04853172b8393c123db9ada85593493eb736a33728ab97ffe155e9e3ee6bfaf27d2f07ff1347fc2b0847dcf1478817fedf3ff00ad5d1a25e4fa0dc4505d66ed9191252482ad8e0f2323d7a573ef0f8961b66825d66dc5d2c2aa737017121977771c65381c76ae972b1e8d1c3aaaafcc96bd7f319ff0ad187ddf17f8807fdbdfff005a8ff856d38e9e32f100ff00b7aab8cde21569b75fdb126590c616651900a00bc8e3186cfa6eabb62faa8d46196eee63fb1b1982e255224cbe63c7d178fc28e7f22a585e557e64637fc2b7b9ff00a1d3c41ff81268ff00856f73ff0043a6bfff008126acb0f111d16571abc3f6af35bca0248f1b38e4b631c107f02475ab806b91daeb11cf7d12dc3b33d965d479699383eddbad2e7f21bc25bedadedf97979995ff000ada73d7c65e203ff6f547fc2b463f7bc5fe203ff6f7ff00d6ab32af895272835481923b887749e622928a8de6646382480d8ad1d38ea304d349a95f47e4496e0c4c655ea092587b60af34d4fc853c2f2c6fce9fa18bff000ac213f7fc53e206ff00b7cffeb51ff0aaf4f3f7f5fd79feb783ff0089ab96a9ac1ba55bad5e1d85ed4616e4672132e318e7711d3b839ed5ad6b1deda787b6ea37245c2eedd2a12e71bb8e78e718cf4fc2852b935682a6afcc9ec73371f0bfc3d6d03cf77ab6aa228c65de5bc0001ee76d717e35f07e93a649a7b6953cf243750994b4d296dcbc608e9d8d765e3c94bf80a42277973748096fe5d4e47e26b13c63c58787073ff20e4fe4bfafa5615ea492691c1566e31763938fc130eada45adc58ea1a7d9cd1bc91ddfdb2eb672082a4039ec7f4a41e0cd06cf9d4bc590c8c3ac5616ed293f463814e3676d24a5cc6093e87fcff9cd4c90449ca46a3dc2ff009ff3c560b16d2b58e7fadd96c3631e1bb07c699e1d9efe41d2e3559be51ff6cd700f4ee4d37c5635d5b148f55ba11c7e4c72c7656ca238630c781b460640fe7d6a53c03c91f8ff009ff3f5abff001346db8c7191696e3f4ff3fad38d694f7ee8a85694fef4703a77fc846cbfebb27fe842be8acd7ce9a77fc846cffebb27fe842be88cd75c4ea24cd2e6980d2e6980f069e0d460d381a604a0d3c1a881a78340128a78a8d69e298c905482a314f1400f14f14c14f14c638538534538500145145002d145140051451400514514005145140051451400514514005145140051451400514514005145140051451400514514005145140051451400514514005145140051451400514514005145140051451400514514005145140051451400514514005145140051451400514514005145140051451400514514005145140051451400514514005145140051451400514514005145140051451400514514005145140051451400514514005145140051451400514514005252d2500145145001451450025145140094514500251451400945145002514514009451450015f33eb109b8f135dc00e0c97aeb9fab9afa62be6dbd38f194bff6113ffa32a6426755f08db1abdbff00bee3ff001c3566f462fe71c712b75fad50f85ac62d6a0539c89f69fc462b4b575d9abde2f036cee3ff001e35e656dbe7fe479d5f6f997ef2cac4097c858093e62c6049c93b9429ea78c1fe7f873373c63e7039ed8ff3d7f5c55839fef0aad73bb0bc9fd7fcff00875ed58ca49bd8ca7353d958e83e1db63c5918c83ba19075fa1fe9fd2b53e1ba37f646b512ac6ce2e540127ddcfbf22b0fc092795e2fb1c9fbe645e47fb0dfe1f8f5ef5d1f811228354f1458dc01e5c573b886e9b773f3fa0aebc3fd9f57f91d943e15f33b2d2b70b421c4208720f94723f1e4f359da8f84acf52bb9ee64b8b8533ba48c8ac3686518e84770066b4ede481ede45b25f2c81f74a1439c707047a015404f3c65943484a10cc1cf4c0e6bbdc53dcefa75a749de0ecca87c1366d247235e5cb34724b20c95eb2001bb7a8cd5b8fc2f64ba7e9f6523c92c5633199771c6f63b8f38c7196ce3da9cf757203bab1f33665893c20fa7aff009f5aade64acaaf21946ee849efc7afe58e28504692c6579249cb6ff83fe6c863f035a45a78b25bb976ed03714524fce1fd3d40fc38ab9abf85acf59b89a79e59124960483721fbaa18b1c0e9ce71cd3a0be9addcef24a67fd5b36580faff009feb4ebbbf9e550d0065859b6823219bfaff009fc28f66b61bc6d772e6e6d7faff00229ffc2196a64b891aea566b872ee5954f26374f4e98909fad5dbcf0f5bded841692cf362080c21f2371040193c75e2abe240379663c91c4a32781c67ae45491dd4e4a4724b9753c107a1e983ebfd3f3c1c88978bacda6e5aa2283c1da7413aca649e465921917711c18970bd07e75b17bbfec726c77463800a2963d7d0566b5ccefcc8cea246030879e3a8c76abc259adac519e36924c80577004f3efed428a5b1152b4eabbcddce3fe226e1e04db2492bb7da106644da7bf6ac1f1afcb168519c6534d4ce4fb0fd38ebdab77e27cf2cbe15b589e2f2e59af5576673d037ff5ab13e21e23d7adad94f1058c6bd3fda6ff00eb71deb8b11f6be470d7f865f239cb64596f608a527cb79915f9c1da5803f4e3fa55f5b4b28cd99631cbe7416ccfbae0a9576625ff00880030bcfa1c722b3319382076e339ff003fd7f0a5daaa3a20e3db1d3fcfe15c909a8f43921514559ab83f01f6f4e70413fcff00cfe957be291c6a73c79fb91c2bff008e83fe7f0aa4aa58ed039271fe7f5fd7d6ac7c54933afdfa8e4092251f846b5ad2dbe68d28f57e68e2ede1f2358b68b76edb3273f88afa0b35e0722edf13051fc37607fe3e2bdeb35de8ef1f9a506a3069c0d50120a78351669e0d004a29e0d44a6a4534c0941a7ad460d3d681928a78a8d6a414c09053853053c5031e29c29a29c298051451400b451450014514500145145001451450014514500145145001451450014514500145145001451450014514500145145001451450014514500145145001451450014514500145145001451450014514500145145001451450014514500145145001451450014514500145145001451450014514500145145001451450014514500145145001451450014514500145145001451450014514500145145001451450014514500145145001451450014514500145145001494b494005145140051451400945145002514525001494b494005252d25001451450025145140057cd1acb18fc5176e0e0adeb1cff00c0ebe96af99fc4476f882fcfa5d3ff00e846a6426753e0f22d3c5f7118e045a801d7b798456d788d4c7e21bf1d3f7cc7f339ac2b3061f11dfcebd5fc99ff00efb5dffd6ba5f17a8ff848a7914656554917df2a2bcdacbe2f5382bf5f55f91058786b59d4d55e0b52236e44921daa47afbfe1537883c1971a3e88f7f2df24b244ca248910e1431c673d4f38ec33cd4965e31d4ed9ece26602d6db6ab4680659471d7e957b56b8d2a4d32eb4ef0ec535f5eeaaeaeea149d815b7739c63d07d79a211a4e2edbff5b0e10a4e2edb9c7e8575f62d76c6e598623b942c4fa1233fa13f8715ddda4634df8ab7f6cea3cad56d3cc452386618cffe82f5e6c06548618ce723a7f9e7f5aef753bc9350f0ee8de2eb605eef49902dd28ea57eeb83fcfe8c69d0968fcb5ff30c3cb46bb1d7e9f7328bd782e675794af2a086c11d79006073c039350bdb2c73ac524bba4670a4018041f5f5ed4b37912f93aa5a3811cd1f982e36ef3ce368553d33b8f4e7f3ab8f20bdb1334484488dd18720a9e4719f7af4d33b8cd55124cb7120f948676c1eb8e4ff003a82491a5495d9c3853c3eeda071d318f6eddea59e197ed2aa1b6a3fcc88fc0e471f4f4fae2a2489561911ae2353b813bd8e0633c63fcf7aa249bce927884bb4b4b115dac500dc0f4faf4a8c2fcfb236c79afb54b76e9d7ea4f34a02c69b154842e493939c8c71dbde9238989909213690c0630531c74fc39c7b5005f36a8d02daaa005790e65cf3d3a639e9d2a844495008620e518a8e4818c1cfe42a4dd2845fdfdbe324ee5c6ec76e833d8fe5f924509691604539e36920f700e483e94013f96b71260c9b5dc2b018c825873f4e4d4baac863821b733401f00913ae55f1c75c11562078ad6da4ba9be45cfcbbba8503007d691ac55af0dd3c82485b0f873f708e854d2652392f13c3f6ef14f863445441e5b9b9991061401cf4ff0080b572de34b9fb5f8bafd9482b1b2c4b8ff65403ff008f6ec7a5751a4df4536a5ae78dee7fe3d20436f679fe255ea47d4e31f535e7924b24f2bcd2f324accef9eec4e5bffafed8af37112d3d59c78897bbea6e58f86a6d4bc3d2ea563289ae2094896d97aecc0c103a83d7ebdb9eb919e339fc47f9ff00278aeb746d6bc35e1c8e39ededef6e752f2f6cee0b22eec0dc08623a1f63d2a2d5f55f0beafa75c4c9a6cb65a99194dbc2bb13ce4af1dc9c902a1d385959ab99ce941a5669339cb08fced4ada3001df3a2f63d580ff0fd2a1f880c6f3c4b7312e4992f4c63af63b6b4bc35179fe26d390f3fe90adcff00b3f37f43fafa562de4e2fbc636329390f766e1bfdddfb8fe80d3a2b45ebfa0e82d17afe860bb893c505d7a35ee47fdf75eef9af00b36ddabc0deb70a7ff1e15efa0d7723b58f069c3d6a3069735404a0d3c1a881a7ad032506a45350835229a604ca6a406a25a914d03255a916a25a91698128a78a8c53c5031e29e29829e298051451400b451450014514500145145001451450014514500145145001451450014514500145145001451450014514500145145001451450014514500145145001451450014514500145145001451450014514500145145001451450014514500145145001451450014514500145145001451450014514500145145001451450014514500145145001451450014514500145145001451450014514500145145001451450014514500145145001451450014514500145145001494b494005145140051452500068a28a004a4a5a4a002928a2800a4a28a002928a2800a4a28a002be66f127fc87f50ff00af97ff00d08d7d315f33788ffe460d47febe5fff0042351213dceb6d97ccfb3dd7fcfc69f1127dd5993f928aded75bed167a55eff7ed7ca6f5dc848fe58ac6f0fa8b9f07db5c7f15b4af0b7fbadcaffe80df9d69a9fb4f86a58fabd94e241c74471b4fea17f3ae0acbde6bba38eb2d5aeebf21740d08eb976e86758218577caec7903d85768219748b4b28bc2fa6473c77320135cb30e1411f31ce09046707a71c0e4579fe96d0ff0068c31dd3bc76b2baa4fb4e014cf20fb702b5358f12eb3aa6b22db4296e21898f91045010bb87af4e3d73c6314a8ca118f9fe24d094230bf5327c570dbdbf8af518ad8af9626dc429e03150587d724f1daae782b5f874bbe92c2fca9d3ef86c937f2aadd013ec4704f7e0f6adc3e17d0ad34e7d12f2fa2feda9a33726e1d89d8c39ea7b75ce792327d31e76dc965e09ce0853fe7f0f4a8929539f37f5e829274e7ce7a9e9e0785aece83a97cfa45d3e6c2e1cf119273e531ec73c83fe4694df6ad267de88ae647d904518e0ae78cf1f2800f4ee4e6b85f0f78ce08ec0e8de22885de9acbb56461b8c6b9c0c8ea40eddc7e58ecec92f6c6d15f4c9975cd2587eed3cd1e7c43d15fa301e84823d6bba9544d69b7e475c269ad0db5306a70365186c62b92318238383df9e2aaff62140eb15c6d4906186de48c63939ff000a8d506a1a0c96fa724d012c55d6e95d1c1ea41cf2739ebd39eb4d85351b340ae657f2e091cff107724e07e031c7bd7427d8d372fdae9915b90cc4c8c3919e80fd29f756115d7cc728ff00de5ef594ba9ea2968ad2a8f37ed023394ea3667a7b9a9c6a376667538554bbf2feef3b3e6ff01cfd6801e3456d8919b81e5a1caa84c01d7dfdcd5a486df4e81a4e70a3e673c9c7f85477ab74d7b0884c9e538c385e83919cfe04e3e951c61f4ed3ae1ef833a67910a348cd9014e0019e4f38f7a1b0b1048f737f7a163658de13931b72a57a1c8efea3d41acdd6ee25d5253e15d11b6923fd3ae1795b68cf551fed1e80761fa5999b54bfb5d884e87a72261ee2661f68651e9d93ea493ec2b90d63c6361a658368de145f2e324896f067731fe22a4f24fab1fc2b0a95125aec44e492d4678db56b5821b7f0ce9385b4b1c094af3971d17dc8ea7d4fd2b3fc1da645a96bb1b5cbc6b6d66bf68977370429c81ee33ce7d01ae741e3a9e4faf5cfbff5edd2bb0d3fc3ba77887c3492692e5758b553e7c4edb7ce07b7b0c700fe07d6b862dd4a9cdf81c716ea54e6ec58f177876eee6ee6f1069ee97f6773872d000590018fc40c751d39cfad724082a08e9ea071fe7ffd55a5a36bfa97872f1fc86655dd89ada6e1491c1c8fe13ea474e3ad47acea106a9aa4d776d662d124c1f28633bb03278e33bb3fa7bd4d4e597bcb47d8ceaf24bde5bf627f0ebfd9ef2eafb041b3b496453c9f98aec51f9b8fe7deb9ab420f882ea7e3659d84878ff69760fd6415bf1b9b7d0273900dedc2c7e9f24637b7fe3cd1fd31ed5ceda9dba06b9a913ff1f1225b21f504976ffd053f3ae8a0b546f416de9f9985a77fc7fda9ff00a6abff00a10af7dcd78269ff00f1ff006dff005d57f98af78c8ae94753240734a2a3069e0d5012034f06a2069e29813035229a854d48a681932d4aa6a15a9569812ad4ab50ad4ab4c64a29e2a31520a063c53c53053c5300a28a280168a28a0028a28a0028a28a0028a28a0028a28a0028a28a0028a28a0028a28a0028a28a0028a28a0028a28a0028a28a0028a28a0028a28a0028a28a0028a28a0028a28a0028a28a0028a28a0028a28a0028a28a0028a28a0028a28a0028a28a0028a28a0028a28a0028a28a0028a28a0028a28a0028a28a0028a28a0028a28a0028a28a0028a28a0028a28a0028a28a0028a28a0028a28a0028a28a0028a28a0028a28a0028a28a0028a28a0028a28a0028a28a002929692800a28a2800a28a4a002929692800a4a28a004a28a4a002928a2800a4a2928016928a2800af99bc47ff0021fd47febea4ff00d0abe98af99fc4bff2306a5ff5f527fe85532133aef87aff006bd2f52d37ab3a1741fed2fcc3ff004161f8d68e937290df18e52160b95304a7ae0377fc0e0fe15ccf806f1acb5df354fdd5df8f5c30ff00ebd74de22b14d3b579123c0b79b12c047746e47f87e15c9595e2a4ba1cf593b5d74295c4725bcf24128db246c5587a115d47866e23b3f0c6a97da74492eaf021622423e54f55f6c64fb91f4ae7af76dddac77c1b2e3115c0f4603e56ff008101f9a9f5acb999846c164750e36b8190197a9079e4719c7b62b920d539dce48b54e77e86d3cf7be3ad72ce216f1453f94125950672a3ef48dfd07a91cf4adff19685a7fd9747d2b49b4592fe5631c4c0f58c72e5cf7192093f5a8bc36d69a7e8169069d70b26abad4be5bbafde8107defa6d5fd48ea0575c82cedfc40c916d6b84b750ec7a5b403a2fb16393f41ec2bae104e2efbb3b210ba7cdbb3c6f58d26fb45bd6b4be85a3940dca4721c7f794f7ff000f7a8b4ed6752d1663369b76f6e7a90bca37d41e08f4279aebac0278ebe2049713a799611293b5ba1897851f8939fcc564daf8621f116afac7f64cf1dad9d992f19932eb8ce393d790ac7be2b9fd9bbde1f2315077bc4dbd37e2d5c47f26a9a68940e3ccb73b5bfef939e7f1ae92d7e267862e40f32ea5b66f49a16fe6b915e451e8fa85ce953ea905a33d9c0c5649411f29e0e3d7b8e7bd5168263099843218f9f9c2fcbf9ff4ad235ea2dcb5526b73df23f19f86a5195d6ecc7fbd205fe74afe31f0da0c9d6ec8ff00bb283fcabe7acd19abfaccbb15ed9f63ddaebe24f85ed81db7cf70dfdd861639fc4803f5ae7752f8b9952ba5699cf692e9f81efb57b7e35e75a6e91a8eabbc5858cf75b3ef7948580fc7b54b6da5dd4fab45a5b28b6ba965118170366d627032319fc31ef512af51ec27526f62eeade22d5f5d909bfbb964404ed8946d55fa28e33f5cf14dd274bbdd66f56cec20f365237601c2aa8ee49fe119e0fad6ee8fe12b683c71fd81ad9f314c45a3313ed0e70180e99c63773c1c8a3c2ccfe1ef882b6729c2f9f25ab93fc40f0a7f1214e3e959f236d39f7b19f236d3912784e6b3d3756bbd1b5db340b76a6091a41cc673d33d8138c9f5c1e955f52b4d43c17e22c43332b27cf04f8e254f7f53d88efc7b574fe27d1e3f13457935a26dd5f4c7f2ee2151cca9d5580f52a723f1155346f11e8fa8e8c96fe26459ae34b224b72dc99874007a9ce060f5c027a1ad5c2deeb76eccb704bdd6fd1947c47a9e8daee9f06ab0916faa9611cf6ebceee3ef7b8f43dfa1e9c737d4e00dd9e001ce7fc7fc29f7970b777f3dcc70ac093485d624070a093c03fe71c9ef53d833405ef88e2dc811e47de94fdd18f6fbc7d30077ac1be799cb2fde4c8fc4138b54fb2061b6ce3f20107ef4849321ff00be8b0fa2d676bb17f66784349d388c49329bb947bc87e5ff00c7153f3a92cec1bc41e26b3d253fd597dd33ff0075719639ff00747f2aa9e38d45750f10cad18c46bf7147f0af451ff7c815d9457bae5dceda4b4bf7312c78bfb6ff00aeabff00a10af76cd784d8ff00c7fdb7fd745ffd0857b9e6b546ac9334e079a8b3cd381aa026534f5350835229e280265a954d40a6a5534c64eb52a9a814d4aa69813ad48b5129a954d3192ad3d6a35a916802414f14c14f14c6145145002d145140051451400514514005145140051451400514514005145140051451400514514005145140051451400514514005145140051451400514514005145140051451400514514005145140051451400514514005145140051451400514514005145140051451400514514005145140051451400514514005145140051451400514514005145140051451400514514005145140051451400514514005145140051451400514514005145140051451400514514005252d2500145145001451494005252d25002514525001494b494009494b494005252d250014514940057cd1e25ff918753ffafa97ff004235f4bd7cd1e25ff918b53ffafb97ff00423512132cf8618a6a2ce067119fe62bd266b6ff008487c305631baf34ccba0eef11ea3df1fe7ad79a78739bb938cfeecff3aefbc29a8bdaea48c9c15382b9fbca7a8aca166dc5f5337b9956374b1393246648645d9347cfccb9edee3820fa8155efe28eddd91644950105645e3703c8ea783edd8d747e33f0da69931d6ac95bec339cba8e9131f6ec0fe9d3d2b074ed474db3325dcd0f9ec23610a6c054b918c30fa71f426b8a54dc65cace4953d795ec3349d4a7d1afe3bfb311f9c99037ae460f07f99fc7dab71fc436b6fe0cb88e2b969f56d5666fb617cab2af7e7b0c6071d371f4c564dfe8bf61056da7172b0c70acc436732b8e1538f9b239c73c73c9ac6dcac3208c77c8ce3ea3dbd3bf5a94e74ee8579d3ba676da3b0f0dfc3abfd5c92973a937930363071ca82076c7ce7f0a6687ff00128f85dacea000492f1cc29c8e4709d7be096e7dab99d4b5fbfbfd32cf4d9d93c8b204441170dd000091c1200eb8e84f7aeab499b45f12781edbc3d71aa43a6dc5b4a5f0f80b20dcc41192323e6f5c822b68493765d11b4249bb2ec45a99fec6f841696f9024d4a50cdc632a4971fa2a8fc6ba6f0d5a2a7c358ac5b3e65d59cef83c93bb27f930ae33e24eaf65753e9fa569932cd6f61095df11dc37600c0238380067eb5dcac834dd67c31a39e8f632c4c3fdd44ffe24d6d0b733f2491ac6dcde9a15adf4f86dbe15c968635f3974a699b2bc82eacdfcf3f9578966bdca5bb5bcbbf16d9c78f2ecec23b7503a0fddc84ffe858fc2bc2f359d65b1153a1eafa8ea775e0ef86fa1b68ec904b75b24965281b259379ebea703e82a1f1d15d4fc37a2f8ae08c47744a2c8578c1c67afb3291f8d5ad1a383c67f0f6c6d1544f75a54c9bedfccd85c2e4633db287afa8ab5e3dd322d3fe1f25958c2120b7995da392404c4a4b1f5e7e638e335a34dc5f6b16d5e2fb58a3e30bc559fc37e32b753b5820936fa7dedbefc17159ff116d8d8f8aa1d4adba5d44b3230e85d78c83db80a7de99e1df16e8cbe1cfec2f115a5c5c4714a5a128093d49c139041193ed83543c55e265f125e40d0406ded2d50a43193ce0e393db9c003d319ac6a4a2e2ddf7b7de65392e5b9d97893c61268f73a6dde9d05a98efe25b89c903cc718180c7b0c1ea73d2b80d4ef8ea7a95c5f3411dbf9ee5cc483e55e39ff00ecbf3ef54f7000b33631d49e718ff0f4efd6aeda40a5d67b889dade1d92cb12be1de2271953e8091cf539f6c8ca552551dba194a72aaedd0af19579d63de8859802f29c2ae7bb1f4f5f5e075a9752bf8e38f6c4185bc20ac2ad90ce4f576ff00698fe4303f86a6bfb88b7244cb166d0188c9080239143128c07f78966fd3be6aef833c312f8a3566bcbc8b6e976adf364604847f08febe829c237972a08c35e545df0de98fa2785aef5aba1b2f3555d9167aa43d59bfe05fcb15e657b71f6abd967eced91f4ed5eb5f13755586dd2cd30ad30d8a83f85075ff000af2364031c577cad1b451d8ac3ecbfe4216dff5d57ff4215edf9af10b2ff908db0ffa6abfcc57b6e684363c1a70351834e06988981a7a9a894d48a698c994d4aa6a05352a9a604ea6a6535029a994d31932d4cb502d4cb40c956a55a896a45a604829e29829e298c5a28a280168a28a0028a28a0028a28a0028a28a0028a28a0028a28a0028a28a0028a28a0028a28a0028a28a0028a28a0028a28a0028a28a0028a28a0028a28a0028a28a0028a28a0028a28a0028a28a0028a28a0028a28a0028a28a0028a28a0028a28a0028a28a0028a28a0028a28a0028a28a0028a28a0028a28a0028a28a0028a28a0028a28a0028a28a0028a28a0028a28a0028a28a0028a28a0028a28a0028a28a0028a28a0028a28a0028a28a0028a28a0028a28a002929692800a28a2800a4a5a4a002929692801292969280128a292800a4a28a004a28a4a0028a292800af9a7c4dc788b53ffafb93ff004235f4b57cd5e27e3c47a97fd7dc9ffa11a8909ee4be1ee2794ffb3fd6b7a2ba7b3b98ee615019181c138cfa83581e1e3fbd98fb7f5ad476f9c829907bd72bf88ce5b9ed7a2ded9eb1a2a380b35bce9b648db071eaa6bce7c6be08bdd015f51d193cfd389dd24782cd10f7f55f7fceb3bc35e26baf0ddffcca1ad2423ce88301ff00021eff00cebd12fbc5d1595b43a8d9b25dd9cbf7941ea3be3d0fb5745a35a367b8b492b33cb749d602adb320f361b79fed02007077800633e9f283ed8c0ad2be7b4d5966b8b6842cef2c36b68abf231723efb01db180a0f1807bd74d79e11f0ef8ce06d47c3574965783e6787185ddfed2f553ee38fad709aa699aef866e94ea5672c4c8fba2b98cfcbbb39e1c7a9e7d6b9254e70d1ea8cda9474dd0fd474ff22fc59dabfdb3cd09e4ed52a5c31f9415cf033d39ee0f7acc9c346ff3abab11b86e5209c8073f52319ed8e455ab7d5f1aac1a8cacf772c5324cc1dc877dac3bf3ce063d3157f53f10c7a8a5c192211b2d92c312e320c84a0771d80dab81ec0562a2999a8c5dfa1cfb9c1240031d3d3db9cf4f43deaf49e25d68dfdbdfbea33c9736a0886590ee299e0f5cfaf4ad978342bf97559a530a7900adb2db80824d90c84920118cb8539c1f4ef58ba569f637761a95cdf5c3c2b6b181195230643bb68e87392b8edf5ab516b665f2b5b31f67e2fd6ac64d42486e817d4b9b92d1a9dfd7db8fbc7a562e6ba5b8f08adadc4504b34a25974cfb5ac7b002d20ea833e8013ef8aaafa040218e58ee1dd1f4e6ba0f8182eb8dc9ebc1c8e7d33d0d369f51b8bea6758df5de9f2f9f65732dbc98c6f8a42871e8483d2a59af2eeee4792e2e679a47fbcd231666c74ea793eddab7d7c2ba747776714d7170914d14dbe4703059205903af1ca7cdd3dbaf35523b6d3f4cf1b3dadc88daca1b878f3215650a72149cf071907278a4e2c4e2ccc82379a658618cc8eff2aa202d9e7a0c7247a7bd68d9593dcde35bc8ed6fb048d23488c5976a92df2f5ddc722ae59ebb6569a5d96c8cb4d6b3ab8b7f2c64e246666ddee8c148f61c60553bbd681d665d4edc9b491e42eb87dc41c738f6e4e073d707350e29588718ab7536ad6cadb49315ddcbab496d78b15c64ef1c332b054ee363230e3a06acbbdd4a111aa4119b7810b793963e6f94d93e5120e0ae4b76cf35059c5abf89efe4fb05acf79712b66599871ff026e83b75aeff0044f871a7e9206a3e26b94ba9f391083fbb07dfbb1fd3eb5ac6129e915645a52968b44737e16f06dff8a274bbbbdd6ba5a367763064f65ff1e95ea53cda7e85a31d812dac6d5380be9fd493f99359f71af46ca492b6b6508c9c900003d7fc2bcc7c59e337f11de9b4b66d96101f9173cc87fbc7fa0aeb518d18f99a59415918dafeb136b9ad4f7b2f019b11a7f714741589276ab390646c1eff00d2ab49d47d2b14eef52a23ac7fe4276bff005d17f9d7b4835e2b63ff00214b5ffaeabfcebd9c1ad514f725dd4e06a10d4f06988994d48a6a006a5534c09d4d4ca6aba9a994d319614d4aa6a0535329a63275a996a04a99698c996a55a896a55a604829e298b4f14c62d1451400b451450014514500145145001451450014514500145145001451450014514500145145001451450014514500145145001451450014514500145145001451450014514500145145001451450014514500145145001451450014514500145145001451450014514500145145001451450014514500145145001451450014514500145145001451450014514500145145001451450014514500145145001451450014514500145145001451450014514500145145001494b49400514514005252d250014941a4a002928a43400525149400525149400525145001494525002d7cd9e29ff919352ffafa7ffd08d7d255f3778b063c4ba8ff00d7cbff003a896e27b868270f37d3fad6a94dc7391f90ac4d1dcac92e0e38feb5a0d2b7f78fe75cd24ee67245b318230cc47a1f4a8a4bb9ac97cb5918c6ff007919b83eff00fd7aa8ce49ea6ab5db928aa7919fcab349a774ccaccd0b3d427b4ba5bab1b978664e4346d8615dee8ff149cc5f64f10592dd44c36b4b1a8c91fed21e0fe95e5233d509e3d3a8a9e3bc65e1c6e1ebdebae3593d265a958f5d7f0af80bc5d9934bb95b3b86e7640db0e7feb9b7f4c5626a1f08359b625b4ed42deed0701650636c7ea3f5ae163b88df187c1f43c56ee9fe2ef1069802db6a93841d1246f3147e0d9a6e9539ec3f75ee882f7c11e2ab327cfd16e241eb081267dfe5cd645cd96a36cac9716575003c9578d9467e84577d69f1635b8401736b69703d769427f238fd2b561f8bf19004fa330f529383fcd6a1e197462e489e52353d450b917b72a5d591ff007adf32b1cb03cf427afad35f50bd94207bb9dc245e4a03213b63fee8f6f6af60ff0085aba2483f7ba4dce7e887fad387c52d0d7fd5e95720ff00ba83fad2fabbee3e45dcf218a1d46f0222417771b176a05566da3d071c56ad9f837c517a4791a1dca83de54f2c1ffbeb1c57a49f8a96edc43a4c87fdf980fe40d44df117509f886d2de207d72c7fa53586eec5c91ee73da7fc23f105d156bfbcb6b35ef82647fc8719fc6ba6b1f86fe13d0b126a73b5eca39c4cd85fc117afe39aa72f89354bb04cd7aeabdc26107e958d77e25d32cf264ba12c9fdd8fe627fa55aa54e1b8fdd5b23bb93c436d6900b5d22ce38625e17e40aa3e8a2b97d6fc47059e67d46e8bca47cb183963f41d87e95c56a3e37bc9c18ec6316c87f8cfccff00e02b9b95e49a432cf233331c966392687552d220e5735b59f11deeb7388c931db2b652153c7d4fa9ac94389e400e79e4d206fde00060669b11ff004893eb595db7760350fcec7de90e4e39a48cfdefa9a09c6299a227b0ff0090a5ae7fe7aaff003af6406bc6f4fe754b5ffae83f9d7afeea64cb7260d4f535006a786a622c2b54aad5595aa553c5032d21a950d564353a1a6059435321aae86a6435432ca1a996aba1a9d0d3193ad4ab50ad4cb4c64ab4f151ad48298c5a28a280168a28a0028a28a0028a28a0028a28a0028a28a0028a28a0028a28a0028a28a0028a28a0028a28a0028a28a0028a28a0028a28a0028a28a0028a28a0028a28a0028a28a0028a28a0028a28a0028a28a0028a28a0028a28a0028a28a0028a28a0028a28a0028a28a0028a28a0028a28a0028a28a0028a28a0028a28a0028a28a0028a28a0028a28a0028a28a0028a28a0028a28a0028a28a0028a28a0028a28a0028a28a0028a28a0028a28a0028a28a0028a28a002929692800a28a2800a434b4868010d2529a4a0043494a69b4001a69a53486801292969b40052668a4a005cd26690d19a00335f3978b863c4da8ffd7c37f3afa3335f3af8c463c497c7d6527f5a896e27b94b4b38964fa7f5abacdc551d34e2493e9fd6ad9358b25813cd56bb3c2fd6a626ab5d1f956b3326420d3c3e7ef0cfbf7a8b3c52e68024010f47dbfef0a7a8997fd5927fdc39fe550668cd21167ed73a1c375f4229c2fdbba2fe15584f2a8c091c0f4dd4bf687f443f58d4ff004aa539aea1765a1a80ef17fe3dff00d6a5fed200f117fe3dff00d6aa9f68ea4c511ff80e3f951f68e3022887beda7ed67dc7765e1ac4a9f7224fc4934a75cbf3c248133fdd51fd6a87da5ffbb18ffb66bfe141b8988c798c07a038149ce6fa8aecb134d7b71ff1f12c8c3fe9a3607eb50108bd5f3eca2a3cd19a901e5c0fbab8f73c9a8c9c9c9a09a693548a448a7f7a3ebfd2887fe3e24fad350e641f5fe94e8399e53ef5a2288e2fe3fa9a0f6a48beeb1faff2a53d4532d1634eff0090adb7fbe2bd6837bd793699ff00215b7ff7abd4c352265b963753d5aab86f534f0f4c92d2b54c8d5511aa756a632d21ed5321aaa8d53a35319690d58435550d4e8698cb486a7435590d584aa19612a65a810d4eb4c64ab520a8d6a45a63168a28a005a28a2800a28a2800a28a2800a28a2800a28a2800a28a2800a28a2800a28a2800a28a2800a28a2800a28a2800a28a2800a28a2800a28a2800a28a2800a28a2800a28a2800a28a2800a28a2800a28a2800a28a2800a28a2800a28a2800a28a2800a28a2800a28a2800a28a2800a28a2800a28a2800a28a2800a28a2800a28a2800a28a2800a28a2800a28a2800a28a2800a28a2800a28a2800a28a2800a28a2800a28a2800a28a2800a28a2800a28a2800a28a2800a4a5a4a0028a28a00290d2d2500252529a69a004348694d34d00069a694d349a000d3734a4d349a0033499a426909a005cd266933484d002e6be7af198c6bf767fe9a1afa089af01f1a2ff00c4e6f4fa4c3f55159cf744bdd19160712bfd3fad5926aa591c4aff004a9cb564c18acd55ee4f02a463cd4170785fad4d8cc6678a334dcd2668b087e69334dcd19a5610ecd266933499a2c03b34669b9a334ac03b34b9a6669734ec03b34b9a66697345805cd231a334869a28922e6414b6e7fd6b5108f9bf034d838865f5ab434322ff0054df8d38f514917faa3f8d07ef0a65a2e69433aac1ff0002fe46bd283fe15e6da40ff899c67d15bf957a0f983d6a7a912dcb61e9eaf54c49522c94c45e57a9924aa2b254e8f4c0bc8f5611aa8c6d56636a632f46d5623354e3356a3354516e335650d548cd598e98cb2953ad574ab09543265a916a25a95698c5a28a280168a28a0028a28a0028a28a0028a28a0028a28a0028a28a0028a28a0028a28a0028a28a0028a28a0028a28a0028a28a0028a28a0028a28a0028a28a0028a28a0028a28a0028a28a0028a28a0028a28a0028a28a0028a28a0028a28a0028a28a0028a28a0028a28a0028a28a0028a28a0028a28a0028a28a0028a28a0028a28a0028a28a0028a28a0028a28a0028a28a0028a28a0028a28a0028a28a0028a28a0028a28a0028a28a0028a28a0028a28a0028a28a002929692800a28a2800a4a5a4a006d21a53486801a690d29a69a00434d34a69a68010d34d29a43400869a4d29a69a0009a69341351b1a00566af0df1fc7e4ea92ff00d342affa62bdb98d7947c4cd39dd61bf4525632524c7619e0ff3acaa3d5112dd1c2da1c48df4ab0318aa76ee379c1ed5387f96a18d8b21e45579cf03eb4f67e6a195b2a3eb488133499a6e690b5160b0fcd19a6024f419a5f9b1d2958561d9a4cd30b534b5160b12e68cd45ba8dd4582c4b9a33516ea5dd4ec1625cd2e6a21b8f6a5c91d68b058933484d33752839229d8762780fcf4909ff5ab51ab152714eb6752efbc125ba629a4342407f76c3eb4a4e48a452230c0fad354e29968d4d1c7fa696feea13fcebb3f37deb96d0ed9d6d67bb91768701133dc7735b61cd64dea6327a9a2b30f5a9525ce39ace46353a353b8ae682495651eb3e36ab51b1a7719a11b55a8daa846d56e33548a2fc66ad466a9446adc554865c8cd5a8eaac756a3aa28b2953a540953a550c996a51512d4ab4c62d1451400b451450014514500145145001451450014514500145145001451450014514500145145001451450014514500145145001451450014514500145145001451450014514500145145001451450014514500145145001451450014514500145145001451450014514500145145001451450014514500145145001451450014514500145145001451450014514500145145001451450014514500145145001451450014514500145145001451450014514500145145001494b4940051451400534d3a90d0034d21a53486801a69a69c69a6801a69a69e69a6801869a69e45348a0069a61a908a69140119a8ce6a62298450042c2b93f10c6195c1191bc8208ea0d75ac315ce6bf1e7cdfa06158d65a2644cf36bcf0e58995a484340c7b29f97f2acd9343299c5c83f54ff00ebd75572bc9ace9a3f7acee2b9ceb692dbbfd78ffbe6a36d357186949fa0c56cc91ffb5555d0776fd28b8ae659b3893fbc7ea698d146bd1455d9506786aaaeb8ef548081b8a8cd3dc7bd44d4ec31a5a98694d30d3b0c5ea714669b9f7a334ec161e0d381a8c1a70a2c162653528e6a05a953814ac04a2346eaa29cb6b1939e47e348b53c63de810c1a786ce24233ea29d168ec0e44e33feed5b8d7deae429ef4ae1729c7a0994e5ee0027d13ff00af5a765e1cb184879774c47673c7e556204e95787ca950db0b95aec811045181b80007a53169970fba68d7dc9a72b54193dc9d2a7435595aa746a605b8cd598cd538cd5b8b9ab4522ec55722ed55215abb12d524522d4557621d2ab44b57225ab451623156a3a8235ab318aa193a5584a85054e8298c916a55a8d6a45a63168a28a005a28a2800a28a2800a28a2800a28a2800a28a2800a28a2800a28a2800a28a2800a28a2800a28a2800a28a2800a28a2800a28a2800a28a2800a28a2800a28a2800a28a2800a28a2800a28a2800a28a2800a28a2800a28a2800a28a2800a28a2800a28a2800a28a2800a28a2800a28a2800a28a2800a28a2800a28a2800a28a2800a28a2800a28a2800a28a2800a28a2800a28a2800a28a2800a28a2800a28a2800a28a2800a28a2800a28a2800a28a2800a28a2800a4a5a4a0028a28a0029296928010d34d38d21a0069a69a71a43400c3484538d21a00611484538d211400c22908a762931400d229845498a422802bb8e2b0f5a41f2b1e8c0a9ae8245c0ac3d6590c0cac7a722a26af11495d1c2de2147653d8d654e7ad6fdf47bcf3f7bd7d6b12e62652720d628cd197335452c004e8a678fca91495939ea3a823f1153ccb493609b6649a2f3633f2bb2e3031f75bd79c7355628c8944c8655910a9858ac98e42fe3e9505c2bc33c913104c6d8c8e86b5ae83319becac81cc81d94b0f9815c3609f46e71e84d67ea0035d9917a491c6df43b0023f306a90d19ec4d2182732346b0bb3a804aa8c9ab1008c4c0c8fb0004838c807b6454d708cb711cc54cb1b4409f209048e99e9eb4c0c924e4823047041ed4c24d6ccf0467ce9e64131591482d904839eb8a6ff0067db099e31191e54aa33939607b1a7743b98f93464d698b4b555c9833b1b61cb1f9b38e4fbf26a9dcc2219cc63380075fa5004409a50e077a00abc34cbc970f1db3b29030c075e29e8056c9419604719e454b01699f6c68cc4024e07403a9ab5a844d36a8f146371e100cf70b8ab56769259a5ccb3ec4fdc32afce0924f1d2a74119de7056da1198fb0abc8922c71bc88504abb933dc648cfe60d436b66d2b3c9e64683200dee0568deb23bc11c6e1c430aa123a67a9fd4d00362c55d86a944b57a05a968562f41562593098aae8ca8b552f2f96353cf3daa6c20326fb9739e1460548af59d0cd84c9eac726a7597347293ca5f57ab11b66a9c11b391815a96d68c71c1a6a2351258549eb5a10c668b7b36f4ad282cdbd2a94476190c7d38abf1466a486ccfa55d8ad0fa5558ab11c51fb55b892a48ed8f1c55a4b723b53b0ec471a55945a7a41ed532c54ec31a8b5328a152a40b4c01453c52014e140051451400b451450014514500145145001451450014514500145145001451450014514500145145001451450014514500145145001451450014514500145145001451450014514500145145001451450014514500145145001451450014514500145145001451450014514500145145001451450014514500145145001451450014514500145145001451450014514500145145001451450014514500145145001451450014514500145145001451450014514500145145001494b4940051451400521a5a43400869294d250021a69a7525003690d38d34d0034d2629d49400dc52629d486801b8a4c53a92801a46460d63eb3a236a1032c326d7238cd6d51401e397da7f89f426659ec9eeed81e1802d81f51d3f1acd3aedac8712c72c0ddf2322bdd7154aef46d32ff00fe3ef4fb69fdde204fe750e098ac8f1369ece7fb97311cf62707f5a864b4dfcae1bfdd39af58baf875e17bac93a7f944f78a461fa6715953fc23d0dce60bbbc84ffbca47f214b90563cc65b193fb8df955492cdc7f09fcabd364f846ebff001efe20997d9a2cff00ecd5564f855adaff00a9d7217ff7d48fe868e56166799bdb30ed51f952a10558a91d0838c57a33fc31f14afddbeb093f13ff00c4d577f871e2d5e8964ff4714ecc7a9e78d1ca739627775e7ad34acd9277b64f5e7ad77edf0f3c5c3fe61f6adf4913fc6a23f0ff00c5c3fe61101fa489ff00c551a86a70852639cb37cc7279ea7d691a291d8b312c4f524d773ff08178b87fcc1a2ffbf89ffc551ff08178b8ff00cc1e2ffbed3ff8aa350d4e1840de9522c5274c9fcebb51f0ff00c5e7fe61308ff81c7ffc5548bf0f3c607fe5c205ff00b691ff008d1a86a712b6ed5325b31ed5da2fc37f17b758edd3feda2ff4a993e17f8a9fef5d5aa7d653fd051661a9c6a5a3fa1fcaac2db85196c8aec53e126baffeb754b65fa3b1fe95623f8373b7fafd613fe03113fd45166166713e7dbc5d5c7e748dab449c22927d857a243f076c571e76a72b7fbb181fcc9ad183e1568117df7b997eae07f21472858f239350b99b855da3de991c12caf921a46f619af72b7f00f872db1b6c15c8eee49ad38342d2edc0115944b8f45a69058f0eb6d0f52b9c6cb6703d48c5741a7f832f0e1a446fcabd712da04fbb120fa2d3c2a8e8053b058e0ad3c232a8198cd6bc1e1a29d5715d462968b0cc58b4254eb56d34a8d6afd3a981556c635ed532db20ed528a51400d1128ed4f0a3d28a7500000a70a414ea00514a2929450028a5148294500145145002d145140051451400514514005145140051451400514514005145140051451400514514005145140051451400514514005145140051451400514514005145140051451400514514005145140051451400514514005145140051451400514514005145140051451400514514005145140051451400514514005145140051451400514514005145140051451400514514005145140051451400514514005145140051451400514514005145140051451400514514005252d250014514500148696928010d253a92801b4869d49400dc52114ea4c500371498a7628c500331498a7e2931400cc518a7628c5003314629d8a31400dc518a7628c5003714629d8a31400dc518a7628c5003714629d8a31400dc518a7628c5003714629d8a31400dc518a7628c500371498a7e28c5003314629f8a4c5003714629d8a31400dc518a7628c5003314629f8a31400dc52e29714b8a006e29d8a5c52e2801314b8a00a5c50018a5a314ea002968a5a00294514b8a000528a4a5140051451400b451450014514500145145001451450014514500145145001451450014514500145145001451450014514500145145001451450014514500145145001451450014514500145145001451450014514500145145001451450014514500145145001451450014514500145145001451450014514500145145001451450014514500145145001451450014514500145145001451450014514500145145001451450014514500145145001451450014514500145145001494b49400514514005145068012929d494009498a75262801b8a314ec5262801b8a4c53f1498a006e29314fc5262801b8a4c53f146280198a314fc518a006628c53f146280198a314fc518a006628c53f146280198a314fc518a006628c53f146280198a314fc518a0066293152628c500478a315262931400cc518a7e28c5003314629f8a31400cc518a7e28c5003314629f8a31400cc52e29d8a5c5003314b8a7628c5002628c53b1462801314b8a5c518a00314b462968012968a5a0028a05140051451400b451450014514500145145001451450014514500145145001451450014514500145145001451450014514500145145001451450014514500145145001451450014514500145145001451450014514500145145001451450014514500145145001451450014514500145145001451450014514500145145001451450014514500145145001451450014514500145145001451450014514500145145001451450014514500145145001451450014514500145145001494b494005145140051451400514514009452d140098a314b45002629314ea2801b8a314ea2801b8a314ea31400dc52629f8a31400cc518a7e28c500371498a7e28c5003314b8a7628c5003314629f8a31400cc518a7e28c5003314629f8a31400cc518a7e28c5003314629f8a31400cc518a7e28c5003314629f8a31400cc518a7e28c5003314629f8a31400cc52e29d8a31400dc518a7628a006e29714b45002628c52d140094b451400514514005145140051451400b451450014514500145145001451450014514500145145001451450014514500145145001451450014514500145145001451450014514500145145001451450014514500145145001451450014514500145145001451450014514500145145001451450014514500145145001451450014514500145145001451450014514500145145001451450014514500145145001451450014514500145145001451450014514500145145001451450014514500145145001494b494005145140051451400514514005145140051451400514514005145140051451400514514005145140051451400514514005145140051451400b494b49400514514005145140051451400514b4940051452d0025145140051452d002514514005145140051451400514514005145140051452d00251451400b45145001451450014514500145145001451450014514500145145001451450014514500145145001451450014514500145145001451450014514500145145001451450014514500145145001451450014514500145145001451450014514500145145001451450014514500145145001451450014514500145145001451450014514500145145001451450014514500145145001451450014514500145145001451450014514500145145001451450014514500145145002514514005145140051451400514514005145140051451400514514005145140051451400514514005145140051451400514514005145140051451400514514005145140052d14500149451400b451450025145140052d145001494514005145140051451400b4514500252d1450014945140051451400b4514500145145001451450014514500145145001451450014514500145145001451450014514500145145001451450014514500145145001451450014514500145145001451450014514500145145001451450014514500145145007fffd9, 5, 'Oficina');

--
-- Disparadores `mueble`
--
DROP TRIGGER IF EXISTS `actualizar_mueble`;
DELIMITER //
CREATE TRIGGER `actualizar_mueble` AFTER UPDATE ON `mueble`
 FOR EACH ROW UPDATE mueblista 
SET calificacion=(
	SELECT truncate(avg(calificacion),0) 
        FROM mueble WHERE id_sticker=new.id_sticker and old.id_sticker=new.id_sticker) 
WHERE rut_mueblista=(
	SELECT rut_mueblista 
        FROM sticker 
        WHERE id_sticker=new.id_sticker and old.id_sticker=new.id_sticker)
//
DELIMITER ;
DROP TRIGGER IF EXISTS `agregar_mueble`;
DELIMITER //
CREATE TRIGGER `agregar_mueble` AFTER INSERT ON `mueble`
 FOR EACH ROW UPDATE mueblista 
SET calificacion=(
	SELECT truncate(avg(calificacion),0) 
        FROM mueble WHERE id_sticker=new.id_sticker) 
WHERE rut_mueblista=(
	SELECT rut_mueblista 
        FROM sticker 
        WHERE id_sticker=new.id_sticker)
//
DELIMITER ;
DROP TRIGGER IF EXISTS `eliminar_mueble`;
DELIMITER //
CREATE TRIGGER `eliminar_mueble` AFTER DELETE ON `mueble`
 FOR EACH ROW UPDATE mueblista 
SET calificacion=(
	SELECT truncate(avg(calificacion),0) 
        FROM mueble WHERE id_sticker=old.id_sticker) 
WHERE rut_mueblista=(
	SELECT rut_mueblista 
        FROM sticker 
        WHERE id_sticker=old.id_sticker)
//
DELIMITER ;

-- --------------------------------------------------------

--
-- Estructura de tabla para la tabla `mueblista`
--

CREATE TABLE IF NOT EXISTS `mueblista` (
  `rut_mueblista` int(11) NOT NULL,
  `contrasena` varchar(20) NOT NULL,
  `nombre` varchar(30) NOT NULL,
  `correo` varchar(30) NOT NULL,
  `telefono` int(11) NOT NULL,
  `direccion` varchar(50) NOT NULL,
  `calificacion` float(10,0) NOT NULL,
  PRIMARY KEY (`rut_mueblista`)
) ENGINE=InnoDB DEFAULT CHARSET=latin1;

--
-- Volcado de datos para la tabla `mueblista`
--

INSERT INTO `mueblista` (`rut_mueblista`, `contrasena`, `nombre`, `correo`, `telefono`, `direccion`, `calificacion`) VALUES
(5555555, '', 'vsbjasnasjdnlk111', 'asjbdobs@zncnoas.ls', 45678900, 'cvbnm,', 0),
(9999222, '', 'vsdbinkcm', 'cyvubhainsm@ctvubisndo.cl', 182381381, 'vbjnlkmlasd', 0),
(11111111, '', 'darling', 'dxdiaz@ing.ucsc.cl', 111111111, 'su casa', 0),
(11221212, '', 'fghjkl', 'fghjk@cv.com', 456789211, 'uasvdashd', 0),
(12121212, '', 'peluca', 'skajdba@baosibd.co', 292929299, 'asbkdakjsd', 0),
(13131313, '123123', 'pipi', 'pipi@caquita.popo', 12345678, 'cacuca 700 depto 1', 0),
(14141414, '12341234', 'potopoto', 'potin@poto.poto', 123412345, 'cvbnm,', 0),
(17899999, '123', 'Victor Manuel', 'vmhernandez@ing.ucsc.cl', 950963496, 'San Guillermo 139', 4),
(123123123, '123123', 'Pelucon', 'pelis@peludo.cl', 20202020, 'caca', 0);

-- --------------------------------------------------------

--
-- Estructura de tabla para la tabla `sticker`
--

CREATE TABLE IF NOT EXISTS `sticker` (
  `id_sticker` int(11) NOT NULL,
  `rut_mueblista` int(11) NOT NULL,
  `id_madera` int(11) NOT NULL,
  PRIMARY KEY (`id_sticker`),
  KEY `rut_mueblista` (`rut_mueblista`),
  KEY `id_madera` (`id_madera`)
) ENGINE=InnoDB DEFAULT CHARSET=latin1;

--
-- Volcado de datos para la tabla `sticker`
--

INSERT INTO `sticker` (`id_sticker`, `rut_mueblista`, `id_madera`) VALUES
(1, 9999222, 11),
(2, 14141414, 13),
(8, 14141414, 14),
(29, 13131313, 11),
(44, 13131313, 10),
(45, 17899999, 1),
(59, 13131313, 8),
(215, 13131313, 14),
(323, 123123123, 13),
(628, 5555555, 14),
(747, 13131313, 13),
(9252, 5555555, 1),
(123456, 9999222, 4);

-- --------------------------------------------------------

--
-- Estructura de tabla para la tabla `usuario`
--

CREATE TABLE IF NOT EXISTS `usuario` (
  `correo` varchar(30) NOT NULL,
  `contrasena` varchar(20) NOT NULL,
  `nombre` varchar(30) NOT NULL,
  `apellido` varchar(50) NOT NULL,
  PRIMARY KEY (`correo`)
) ENGINE=InnoDB DEFAULT CHARSET=latin1;

--
-- Volcado de datos para la tabla `usuario`
--

INSERT INTO `usuario` (`correo`, `contrasena`, `nombre`, `apellido`) VALUES
('Victor@gmail.com', '123', 'Victor Manuel', 'Hern츾춰ndez Vergara'),
('vmhernandez@ing.ucsc.cl', '123', 'Victor', 'Hernandez Vergara');

--
-- Restricciones para tablas volcadas
--

--
-- Filtros para la tabla `mueble`
--
ALTER TABLE `mueble`
  ADD CONSTRAINT `mueble_ibfk_1` FOREIGN KEY (`correo`) REFERENCES `usuario` (`correo`) ON DELETE CASCADE ON UPDATE CASCADE,
  ADD CONSTRAINT `mueble_ibfk_2` FOREIGN KEY (`id_sticker`) REFERENCES `sticker` (`id_sticker`) ON DELETE CASCADE ON UPDATE CASCADE;

--
-- Filtros para la tabla `sticker`
--
ALTER TABLE `sticker`
  ADD CONSTRAINT `sticker_ibfk_1` FOREIGN KEY (`rut_mueblista`) REFERENCES `mueblista` (`rut_mueblista`) ON DELETE CASCADE ON UPDATE CASCADE,
  ADD CONSTRAINT `sticker_ibfk_2` FOREIGN KEY (`id_madera`) REFERENCES `madera` (`id_madera`) ON DELETE CASCADE ON UPDATE CASCADE;

/*!40101 SET CHARACTER_SET_CLIENT=@OLD_CHARACTER_SET_CLIENT */;
/*!40101 SET CHARACTER_SET_RESULTS=@OLD_CHARACTER_SET_RESULTS */;
/*!40101 SET COLLATION_CONNECTION=@OLD_COLLATION_CONNECTION */;
